{"cameraMode":{"drawMode":0,"name":"Shaded","section":"Shading Mode"},"sceneLighting":true,"audioPlay":false,"sceneViewState":{"m_AlwaysRefresh":false,"showFog":true,"showSkybox":true,"showFlares":true,"showImageEffects":true,"showParticleSystems":true,"showVisualEffectGraphs":true,"m_FxEnabled":true},"in2DMode":false,"pivot":{"x":8.995115280151368,"y":8.887721061706543,"z":-14.796184539794922},"rotation":{"x":0.16596339643001557,"y":0.19200396537780763,"z":-0.03296671062707901,"w":0.9666959643363953},"size":3.1059226989746095,"orthographic":true}