{"cameraMode":{"drawMode":0,"name":"Shaded","section":"Shading Mode"},"sceneLighting":true,"audioPlay":false,"sceneViewState":{"m_AlwaysRefresh":false,"showFog":true,"showSkybox":true,"showFlares":true,"showImageEffects":true,"showParticleSystems":true,"showVisualEffectGraphs":true,"m_FxEnabled":true},"in2DMode":false,"pivot":{"x":-1.3619064092636109,"y":11.180343627929688,"z":4.563684463500977},"rotation":{"x":0.19983632862567902,"y":-0.3112069368362427,"z":0.06711191684007645,"w":0.9266670942306519},"size":31.76689910888672,"orthographic":true}