{"cameraMode":{"drawMode":0,"name":"Shaded","section":"Shading Mode"},"sceneLighting":true,"audioPlay":false,"sceneViewState":{"m_AlwaysRefresh":false,"showFog":true,"showSkybox":true,"showFlares":true,"showImageEffects":true,"showParticleSystems":true,"showVisualEffectGraphs":true,"m_FxEnabled":true},"in2DMode":false,"pivot":{"x":-90.45172119140625,"y":21.520584106445314,"z":51.74311065673828},"rotation":{"x":0.15480393171310426,"y":-0.38433727622032168,"z":0.06552004814147949,"w":0.9077726006507874},"size":143.55848693847657,"orthographic":true}