{"cameraMode":{"drawMode":0,"name":"Shaded","section":"Shading Mode"},"sceneLighting":false,"audioPlay":false,"sceneViewState":{"m_AlwaysRefresh":false,"showFog":true,"showSkybox":false,"showFlares":true,"showImageEffects":true,"showParticleSystems":true,"showVisualEffectGraphs":true,"m_FxEnabled":true},"in2DMode":false,"pivot":{"x":17.711442947387697,"y":2.293048143386841,"z":-4.984070301055908},"rotation":{"x":-0.006902007851749659,"y":-0.1454114466905594,"z":-0.0010159708326682449,"w":0.9893528819084168},"size":4.9924516677856449,"orthographic":true}