Unity Editor version:    2022.3.62f3c1 (1623fc0bbb97)
Branch:                  2022.3/china_unity/release
Build type:              Release
Batch mode:              YES
macOS version:           Version 26.0.1 (Build 25A362)
Darwin version:          25.0.0
Architecture:            arm64
Running under Rosetta:   NO
Available memory:        16384 MB
Using pre-set license
Pro License: YES

COMMAND LINE ARGUMENTS:
/Applications/Unity/Hub/Editor/2022.3.62f3c1/Unity.app/Contents/MacOS/Unity
-adb2
-batchMode
-noUpm
-name
AssetImportWorker2
-projectPath
/Users/ra/Documents/FloatingTrees
-logFile
Logs/AssetImportWorker2.log
-srvPort
49916
Successfully changed project path to: /Users/ra/Documents/FloatingTrees
/Users/ra/Documents/FloatingTrees
[UnityMemory] Configuration Parameters - Can be set up in boot.config
    "memorysetup-bucket-allocator-granularity=16"
    "memorysetup-bucket-allocator-bucket-count=8"
    "memorysetup-bucket-allocator-block-size=33554432"
    "memorysetup-bucket-allocator-block-count=8"
    "memorysetup-main-allocator-block-size=16777216"
    "memorysetup-thread-allocator-block-size=16777216"
    "memorysetup-gfx-main-allocator-block-size=16777216"
    "memorysetup-gfx-thread-allocator-block-size=16777216"
    "memorysetup-cache-allocator-block-size=4194304"
    "memorysetup-typetree-allocator-block-size=2097152"
    "memorysetup-profiler-bucket-allocator-granularity=16"
    "memorysetup-profiler-bucket-allocator-bucket-count=8"
    "memorysetup-profiler-bucket-allocator-block-size=33554432"
    "memorysetup-profiler-bucket-allocator-block-count=8"
    "memorysetup-profiler-allocator-block-size=16777216"
    "memorysetup-profiler-editor-allocator-block-size=1048576"
    "memorysetup-temp-allocator-size-main=16777216"
    "memorysetup-job-temp-allocator-block-size=2097152"
    "memorysetup-job-temp-allocator-block-size-background=1048576"
    "memorysetup-job-temp-allocator-reduction-small-platforms=262144"
    "memorysetup-allocator-temp-initial-block-size-main=262144"
    "memorysetup-allocator-temp-initial-block-size-worker=262144"
    "memorysetup-temp-allocator-size-background-worker=32768"
    "memorysetup-temp-allocator-size-job-worker=262144"
    "memorysetup-temp-allocator-size-preload-manager=33554432"
    "memorysetup-temp-allocator-size-nav-mesh-worker=65536"
    "memorysetup-temp-allocator-size-audio-worker=65536"
    "memorysetup-temp-allocator-size-cloud-worker=32768"
    "memorysetup-temp-allocator-size-gi-baking-worker=262144"
    "memorysetup-temp-allocator-size-gfx=262144"
Player connection [8271972352]  Target information:

Player connection [8271972352]  * "[IP] 10.189.210.75 [Port] 0 [Flags] 2 [Guid] 3959238623 [EditorId] 3959238623 [Version] 1048832 [Id] OSXEditor(0,Ragons-MacBook-Pro.local) [Debug] 1 [PackageName] OSXEditor [ProjectName] Editor" 

Player connection [8271972352]  * "[IP] 10.211.55.2 [Port] 0 [Flags] 2 [Guid] 3959238623 [EditorId] 3959238623 [Version] 1048832 [Id] OSXEditor(0,Ragons-MacBook-Pro.local) [Debug] 1 [PackageName] OSXEditor [ProjectName] Editor" 

Player connection [8271972352]  * "[IP] 10.37.129.2 [Port] 0 [Flags] 2 [Guid] 3959238623 [EditorId] 3959238623 [Version] 1048832 [Id] OSXEditor(0,Ragons-MacBook-Pro.local) [Debug] 1 [PackageName] OSXEditor [ProjectName] Editor" 

Player connection [8271972352] Host joined multi-casting on [225.0.0.222:54997]...
Player connection [8271972352] Host joined alternative multi-casting on [225.0.0.222:34997]...
Input System module state changed to: Initialized.
[PhysX] Initialized MultithreadedTaskDispatcher with 8 workers.
Refreshing native plugins compatible for Editor in 28.44 ms, found 2 plugins.
Preloading 0 native plugins for Editor in 0.00 ms.
Initialize engine version: 2022.3.62f3c1 (1623fc0bbb97)
[Subsystems] Discovering subsystems at path /Applications/Unity/Hub/Editor/2022.3.62f3c1/Unity.app/Contents/Resources/UnitySubsystems
[Subsystems] Discovering subsystems at path /Users/ra/Documents/FloatingTrees/Assets
GfxDevice: creating device client; threaded=0; jobified=0
 preferred device: Apple M1 (high power)
Metal devices available: 1
0: Apple M1 (high power)
Using device Apple M1 (high power)
Initializing Metal device caps: Apple M1
Initialize mono
Mono path[0] = '/Applications/Unity/Hub/Editor/2022.3.62f3c1/Unity.app/Contents/Managed'
Mono path[1] = '/Applications/Unity/Hub/Editor/2022.3.62f3c1/Unity.app/Contents/MonoBleedingEdge/lib/mono/unityjit-macos'
Mono config path = '/Applications/Unity/Hub/Editor/2022.3.62f3c1/Unity.app/Contents/MonoBleedingEdge/etc'
Using monoOptions --debugger-agent=transport=dt_socket,embedding=1,server=y,suspend=n,address=127.0.0.1:56340
Begin MonoManager ReloadAssembly
Registering precompiled unity dll's ...
Register platform support module: /Applications/Unity/Hub/Editor/2022.3.62f3c1/Unity.app/Contents/PlaybackEngines/MacStandaloneSupport/UnityEditor.OSXStandalone.Extensions.dll
Registered in 0.002146 seconds.
- Loaded All Assemblies, in  0.246 seconds
Native extension for OSXStandalone target not found
Mono: successfully reloaded assembly
- Finished resetting the current domain, in  0.173 seconds
Domain Reload Profiling: 419ms
	BeginReloadAssembly (94ms)
		ExecutionOrderSort (0ms)
		DisableScriptedObjects (0ms)
		BackupInstance (0ms)
		ReleaseScriptingObjects (0ms)
		CreateAndSetChildDomain (1ms)
	RebuildCommonClasses (21ms)
	RebuildNativeTypeToScriptingClass (8ms)
	initialDomainReloadingComplete (30ms)
	LoadAllAssembliesAndSetupDomain (94ms)
		LoadAssemblies (93ms)
		RebuildTransferFunctionScriptingTraits (0ms)
		AnalyzeDomain (92ms)
			TypeCache.Refresh (91ms)
				TypeCache.ScanAssembly (82ms)
			ScanForSourceGeneratedMonoScriptInfo (0ms)
			ResolveRequiredComponents (0ms)
	FinalizeReload (173ms)
		ReleaseScriptCaches (0ms)
		RebuildScriptCaches (0ms)
		SetupLoadedEditorAssemblies (142ms)
			LogAssemblyErrors (0ms)
			InitializePlatformSupportModulesInManaged (6ms)
			SetLoadedEditorAssemblies (4ms)
			RefreshPlugins (0ms)
			BeforeProcessingInitializeOnLoad (1ms)
			ProcessInitializeOnLoadAttributes (95ms)
			ProcessInitializeOnLoadMethodAttributes (36ms)
			AfterProcessingInitializeOnLoad (0ms)
			EditorAssembliesLoaded (0ms)
		ExecutionOrderSort2 (0ms)
		AwakeInstancesAfterBackupRestoration (0ms)
========================================================================
Worker process is ready to serve import requests
Caller must complete domain reload
Begin MonoManager ReloadAssembly
- Loaded All Assemblies, in  0.501 seconds
Native extension for OSXStandalone target not found
Mono: successfully reloaded assembly
- Finished resetting the current domain, in  0.463 seconds
Domain Reload Profiling: 965ms
	BeginReloadAssembly (67ms)
		ExecutionOrderSort (0ms)
		DisableScriptedObjects (3ms)
		BackupInstance (0ms)
		ReleaseScriptingObjects (0ms)
		CreateAndSetChildDomain (11ms)
	RebuildCommonClasses (21ms)
	RebuildNativeTypeToScriptingClass (8ms)
	initialDomainReloadingComplete (21ms)
	LoadAllAssembliesAndSetupDomain (386ms)
		LoadAssemblies (286ms)
		RebuildTransferFunctionScriptingTraits (0ms)
		AnalyzeDomain (131ms)
			TypeCache.Refresh (115ms)
				TypeCache.ScanAssembly (102ms)
			ScanForSourceGeneratedMonoScriptInfo (12ms)
			ResolveRequiredComponents (3ms)
	FinalizeReload (464ms)
		ReleaseScriptCaches (0ms)
		RebuildScriptCaches (0ms)
		SetupLoadedEditorAssemblies (368ms)
			LogAssemblyErrors (0ms)
			InitializePlatformSupportModulesInManaged (3ms)
			SetLoadedEditorAssemblies (3ms)
			RefreshPlugins (0ms)
			BeforeProcessingInitializeOnLoad (35ms)
			ProcessInitializeOnLoadAttributes (315ms)
			ProcessInitializeOnLoadMethodAttributes (11ms)
			AfterProcessingInitializeOnLoad (1ms)
			EditorAssembliesLoaded (0ms)
		ExecutionOrderSort2 (0ms)
		AwakeInstancesAfterBackupRestoration (2ms)
Launching external process: /Applications/Unity/Hub/Editor/2022.3.62f3c1/Unity.app/Contents/Tools/UnityShaderCompiler
Launched and connected shader compiler UnityShaderCompiler after 0.34 seconds
Refreshing native plugins compatible for Editor in 1.53 ms, found 2 plugins.
Preloading 0 native plugins for Editor in 0.00 ms.
Unloading 3720 Unused Serialized files (Serialized files now loaded: 0)
Unloading 22 unused Assets / (125.9 KB). Loaded Objects now: 4191.
Memory consumption went from 156.2 MB to 156.1 MB.
Total: 3.042375 ms (FindLiveObjects: 0.143958 ms CreateObjectMapping: 0.051417 ms MarkObjects: 2.726541 ms  DeleteObjects: 0.119875 ms)

AssetImportParameters requested are different than current active one (requested -> active):
  custom:container-demuxer-ogg: 62fdf1f143b41e24485cea50d1cbac27 -> 
  custom:video-decoder-ogg-theora: a1e56fd34408186e4bbccfd4996cb3dc -> 
  custom:CustomObjectIndexerAttribute: 9a22284fe3817be447336de3de66b15e -> 
  custom:container-demuxer-webm: 4f35f7cbe854078d1ac9338744f61a02 -> 
  custom:container-muxer-webm: aa71ff27fc2769a1b78a27578f13a17b -> 
  custom:video-decoder-webm-vp8: 9c59270c3fd7afecdb556c50c9e8de78 -> 
  custom:SearchIndexIgnoredProperties: e643bd26f0fe6173181afceb89e7c659 -> 
  custom:AudioImporter_EditorPlatform: 3918e3fc78b5a79bad01e8451be0beb8 -> 
  custom:framework-osx-AVFoundation: e770b220cccbd017edd2c1fefb359320 -> 
  custom:video-encoder-webm-vp8: eb34c28f22e8b96e1ab97ce403110664 -> 
  custom:audio-decoder-ogg-vorbis: bf7c407c2cedff20999df2af8eb42d56 -> 
  custom:audio-encoder-webm-vorbis: bf7c407c2cedff20999df2af8eb42d56 -> 
========================================================================
Received Import Request.
  Time since last request: 1466.293632 seconds.
  path: Assets/Scenes/Menu.unity
  artifactKey: Guid(e3863199e161543a0a97abaa4796942d) Importer(815301076,1909f56bfc062723c751e8b465ee728b)
Start importing Assets/Scenes/Menu.unity using Guid(e3863199e161543a0a97abaa4796942d) Importer(815301076,1909f56bfc062723c751e8b465ee728b) [PhysX] Initialized MultithreadedTaskDispatcher with 8 workers.
 -> (artifact id: 'eef43995982d80cbdcff0f0c9c82cbc9') in 0.001383 seconds
Number of updated asset objects reloaded before import = 0
Number of asset objects unloaded after import = 0
========================================================================
Received Prepare
Caller must complete domain reload
Begin MonoManager ReloadAssembly
Thread 0x16f4bf000 may have been prematurely finalized
- Loaded All Assemblies, in  0.320 seconds
Native extension for OSXStandalone target not found
Mono: successfully reloaded assembly
- Finished resetting the current domain, in  1.036 seconds
Domain Reload Profiling: 1356ms
	BeginReloadAssembly (97ms)
		ExecutionOrderSort (0ms)
		DisableScriptedObjects (3ms)
		BackupInstance (0ms)
		ReleaseScriptingObjects (0ms)
		CreateAndSetChildDomain (35ms)
	RebuildCommonClasses (26ms)
	RebuildNativeTypeToScriptingClass (10ms)
	initialDomainReloadingComplete (18ms)
	LoadAllAssembliesAndSetupDomain (169ms)
		LoadAssemblies (187ms)
		RebuildTransferFunctionScriptingTraits (0ms)
		AnalyzeDomain (16ms)
			TypeCache.Refresh (11ms)
				TypeCache.ScanAssembly (0ms)
			ScanForSourceGeneratedMonoScriptInfo (0ms)
			ResolveRequiredComponents (4ms)
	FinalizeReload (1036ms)
		ReleaseScriptCaches (0ms)
		RebuildScriptCaches (0ms)
		SetupLoadedEditorAssemblies (455ms)
			LogAssemblyErrors (0ms)
			InitializePlatformSupportModulesInManaged (3ms)
			SetLoadedEditorAssemblies (3ms)
			RefreshPlugins (0ms)
			BeforeProcessingInitializeOnLoad (43ms)
			ProcessInitializeOnLoadAttributes (388ms)
			ProcessInitializeOnLoadMethodAttributes (17ms)
			AfterProcessingInitializeOnLoad (1ms)
			EditorAssembliesLoaded (0ms)
		ExecutionOrderSort2 (0ms)
		AwakeInstancesAfterBackupRestoration (4ms)
Refreshing native plugins compatible for Editor in 0.78 ms, found 2 plugins.
Preloading 0 native plugins for Editor in 0.00 ms.
Unloading 3682 Unused Serialized files (Serialized files now loaded: 0)
Unloading 17 unused Assets / (79.6 KB). Loaded Objects now: 4195.
Memory consumption went from 155.1 MB to 155.0 MB.
Total: 3.765166 ms (FindLiveObjects: 0.205000 ms CreateObjectMapping: 0.049500 ms MarkObjects: 3.404375 ms  DeleteObjects: 0.105542 ms)

Prepare: number of updated asset objects reloaded= 0
AssetImportParameters requested are different than current active one (requested -> active):
  custom:container-demuxer-ogg: 62fdf1f143b41e24485cea50d1cbac27 -> 
  custom:video-decoder-ogg-theora: a1e56fd34408186e4bbccfd4996cb3dc -> 
  custom:CustomObjectIndexerAttribute: 9a22284fe3817be447336de3de66b15e -> 
  custom:container-demuxer-webm: 4f35f7cbe854078d1ac9338744f61a02 -> 
  custom:container-muxer-webm: aa71ff27fc2769a1b78a27578f13a17b -> 
  custom:video-decoder-webm-vp8: 9c59270c3fd7afecdb556c50c9e8de78 -> 
  custom:SearchIndexIgnoredProperties: e643bd26f0fe6173181afceb89e7c659 -> 
  custom:AudioImporter_EditorPlatform: 3918e3fc78b5a79bad01e8451be0beb8 -> 
  custom:framework-osx-AVFoundation: e770b220cccbd017edd2c1fefb359320 -> 
  custom:video-encoder-webm-vp8: eb34c28f22e8b96e1ab97ce403110664 -> 
  custom:audio-decoder-ogg-vorbis: bf7c407c2cedff20999df2af8eb42d56 -> 
  custom:audio-encoder-webm-vorbis: bf7c407c2cedff20999df2af8eb42d56 -> 
========================================================================
Received Prepare
Caller must complete domain reload
Begin MonoManager ReloadAssembly
Thread 0x16d86f000 may have been prematurely finalized
- Loaded All Assemblies, in  0.383 seconds
Native extension for OSXStandalone target not found
Mono: successfully reloaded assembly
- Finished resetting the current domain, in  0.941 seconds
Domain Reload Profiling: 1323ms
	BeginReloadAssembly (125ms)
		ExecutionOrderSort (0ms)
		DisableScriptedObjects (4ms)
		BackupInstance (0ms)
		ReleaseScriptingObjects (0ms)
		CreateAndSetChildDomain (43ms)
	RebuildCommonClasses (25ms)
	RebuildNativeTypeToScriptingClass (9ms)
	initialDomainReloadingComplete (15ms)
	LoadAllAssembliesAndSetupDomain (208ms)
		LoadAssemblies (236ms)
		RebuildTransferFunctionScriptingTraits (0ms)
		AnalyzeDomain (25ms)
			TypeCache.Refresh (12ms)
				TypeCache.ScanAssembly (0ms)
			ScanForSourceGeneratedMonoScriptInfo (0ms)
			ResolveRequiredComponents (11ms)
	FinalizeReload (941ms)
		ReleaseScriptCaches (0ms)
		RebuildScriptCaches (0ms)
		SetupLoadedEditorAssemblies (382ms)
			LogAssemblyErrors (0ms)
			InitializePlatformSupportModulesInManaged (3ms)
			SetLoadedEditorAssemblies (4ms)
			RefreshPlugins (0ms)
			BeforeProcessingInitializeOnLoad (38ms)
			ProcessInitializeOnLoadAttributes (324ms)
			ProcessInitializeOnLoadMethodAttributes (12ms)
			AfterProcessingInitializeOnLoad (1ms)
			EditorAssembliesLoaded (0ms)
		ExecutionOrderSort2 (0ms)
		AwakeInstancesAfterBackupRestoration (2ms)
Refreshing native plugins compatible for Editor in 0.70 ms, found 2 plugins.
Preloading 0 native plugins for Editor in 0.00 ms.
Unloading 3683 Unused Serialized files (Serialized files now loaded: 0)
Unloading 17 unused Assets / (79.7 KB). Loaded Objects now: 4199.
Memory consumption went from 162.8 MB to 162.8 MB.
Total: 4.416500 ms (FindLiveObjects: 0.548250 ms CreateObjectMapping: 0.443042 ms MarkObjects: 3.258708 ms  DeleteObjects: 0.165791 ms)

Prepare: number of updated asset objects reloaded= 0
AssetImportParameters requested are different than current active one (requested -> active):
  custom:container-demuxer-ogg: 62fdf1f143b41e24485cea50d1cbac27 -> 
  custom:video-decoder-ogg-theora: a1e56fd34408186e4bbccfd4996cb3dc -> 
  custom:CustomObjectIndexerAttribute: 9a22284fe3817be447336de3de66b15e -> 
  custom:container-demuxer-webm: 4f35f7cbe854078d1ac9338744f61a02 -> 
  custom:container-muxer-webm: aa71ff27fc2769a1b78a27578f13a17b -> 
  custom:video-decoder-webm-vp8: 9c59270c3fd7afecdb556c50c9e8de78 -> 
  custom:SearchIndexIgnoredProperties: e643bd26f0fe6173181afceb89e7c659 -> 
  custom:AudioImporter_EditorPlatform: 3918e3fc78b5a79bad01e8451be0beb8 -> 
  custom:framework-osx-AVFoundation: e770b220cccbd017edd2c1fefb359320 -> 
  custom:video-encoder-webm-vp8: eb34c28f22e8b96e1ab97ce403110664 -> 
  custom:audio-decoder-ogg-vorbis: bf7c407c2cedff20999df2af8eb42d56 -> 
  custom:audio-encoder-webm-vorbis: bf7c407c2cedff20999df2af8eb42d56 -> 
========================================================================
Received Prepare
Caller must complete domain reload
Begin MonoManager ReloadAssembly
Thread 0x16d86f000 may have been prematurely finalized
- Loaded All Assemblies, in  0.335 seconds
Native extension for OSXStandalone target not found
Mono: successfully reloaded assembly
- Finished resetting the current domain, in  0.993 seconds
Domain Reload Profiling: 1329ms
	BeginReloadAssembly (114ms)
		ExecutionOrderSort (0ms)
		DisableScriptedObjects (3ms)
		BackupInstance (0ms)
		ReleaseScriptingObjects (0ms)
		CreateAndSetChildDomain (46ms)
	RebuildCommonClasses (23ms)
	RebuildNativeTypeToScriptingClass (9ms)
	initialDomainReloadingComplete (15ms)
	LoadAllAssembliesAndSetupDomain (175ms)
		LoadAssemblies (202ms)
		RebuildTransferFunctionScriptingTraits (0ms)
		AnalyzeDomain (13ms)
			TypeCache.Refresh (8ms)
				TypeCache.ScanAssembly (0ms)
			ScanForSourceGeneratedMonoScriptInfo (0ms)
			ResolveRequiredComponents (4ms)
	FinalizeReload (993ms)
		ReleaseScriptCaches (0ms)
		RebuildScriptCaches (0ms)
		SetupLoadedEditorAssemblies (423ms)
			LogAssemblyErrors (0ms)
			InitializePlatformSupportModulesInManaged (4ms)
			SetLoadedEditorAssemblies (5ms)
			RefreshPlugins (0ms)
			BeforeProcessingInitializeOnLoad (49ms)
			ProcessInitializeOnLoadAttributes (352ms)
			ProcessInitializeOnLoadMethodAttributes (13ms)
			AfterProcessingInitializeOnLoad (1ms)
			EditorAssembliesLoaded (0ms)
		ExecutionOrderSort2 (0ms)
		AwakeInstancesAfterBackupRestoration (2ms)
Refreshing native plugins compatible for Editor in 0.68 ms, found 2 plugins.
Preloading 0 native plugins for Editor in 0.00 ms.
Unloading 3683 Unused Serialized files (Serialized files now loaded: 0)
Unloading 17 unused Assets / (87.7 KB). Loaded Objects now: 4203.
Memory consumption went from 170.3 MB to 170.2 MB.
Total: 3.900375 ms (FindLiveObjects: 0.152167 ms CreateObjectMapping: 0.151041 ms MarkObjects: 3.480917 ms  DeleteObjects: 0.115334 ms)

Prepare: number of updated asset objects reloaded= 0
AssetImportParameters requested are different than current active one (requested -> active):
  custom:container-demuxer-ogg: 62fdf1f143b41e24485cea50d1cbac27 -> 
  custom:video-decoder-ogg-theora: a1e56fd34408186e4bbccfd4996cb3dc -> 
  custom:CustomObjectIndexerAttribute: 9a22284fe3817be447336de3de66b15e -> 
  custom:container-demuxer-webm: 4f35f7cbe854078d1ac9338744f61a02 -> 
  custom:container-muxer-webm: aa71ff27fc2769a1b78a27578f13a17b -> 
  custom:video-decoder-webm-vp8: 9c59270c3fd7afecdb556c50c9e8de78 -> 
  custom:SearchIndexIgnoredProperties: e643bd26f0fe6173181afceb89e7c659 -> 
  custom:AudioImporter_EditorPlatform: 3918e3fc78b5a79bad01e8451be0beb8 -> 
  custom:framework-osx-AVFoundation: e770b220cccbd017edd2c1fefb359320 -> 
  custom:video-encoder-webm-vp8: eb34c28f22e8b96e1ab97ce403110664 -> 
  custom:audio-decoder-ogg-vorbis: bf7c407c2cedff20999df2af8eb42d56 -> 
  custom:audio-encoder-webm-vorbis: bf7c407c2cedff20999df2af8eb42d56 -> 
========================================================================
Received Import Request.
  Time since last request: 695.851328 seconds.
  path: Assets/Scenes/Main.unity
  artifactKey: Guid(9fc0d4010bbf28b4594072e72b8655ab) Importer(815301076,1909f56bfc062723c751e8b465ee728b)
Start importing Assets/Scenes/Main.unity using Guid(9fc0d4010bbf28b4594072e72b8655ab) Importer(815301076,1909f56bfc062723c751e8b465ee728b) [PhysX] Initialized MultithreadedTaskDispatcher with 8 workers.
 -> (artifact id: '2d7054e826772b079d83715f156b72d8') in 0.037578 seconds
Number of updated asset objects reloaded before import = 0
Number of asset objects unloaded after import = 0
========================================================================
Received Prepare
Caller must complete domain reload
Begin MonoManager ReloadAssembly
Thread 0x16d86f000 may have been prematurely finalized
- Loaded All Assemblies, in  0.328 seconds
Native extension for OSXStandalone target not found
Mono: successfully reloaded assembly
- Finished resetting the current domain, in  0.942 seconds
Domain Reload Profiling: 1271ms
	BeginReloadAssembly (102ms)
		ExecutionOrderSort (0ms)
		DisableScriptedObjects (4ms)
		BackupInstance (0ms)
		ReleaseScriptingObjects (0ms)
		CreateAndSetChildDomain (37ms)
	RebuildCommonClasses (22ms)
	RebuildNativeTypeToScriptingClass (8ms)
	initialDomainReloadingComplete (23ms)
	LoadAllAssembliesAndSetupDomain (174ms)
		LoadAssemblies (202ms)
		RebuildTransferFunctionScriptingTraits (0ms)
		AnalyzeDomain (11ms)
			TypeCache.Refresh (6ms)
				TypeCache.ScanAssembly (0ms)
			ScanForSourceGeneratedMonoScriptInfo (0ms)
			ResolveRequiredComponents (4ms)
	FinalizeReload (943ms)
		ReleaseScriptCaches (0ms)
		RebuildScriptCaches (0ms)
		SetupLoadedEditorAssemblies (387ms)
			LogAssemblyErrors (0ms)
			InitializePlatformSupportModulesInManaged (3ms)
			SetLoadedEditorAssemblies (3ms)
			RefreshPlugins (0ms)
			BeforeProcessingInitializeOnLoad (53ms)
			ProcessInitializeOnLoadAttributes (315ms)
			ProcessInitializeOnLoadMethodAttributes (12ms)
			AfterProcessingInitializeOnLoad (1ms)
			EditorAssembliesLoaded (0ms)
		ExecutionOrderSort2 (0ms)
		AwakeInstancesAfterBackupRestoration (2ms)
Refreshing native plugins compatible for Editor in 0.83 ms, found 2 plugins.
Preloading 0 native plugins for Editor in 0.00 ms.
Unloading 3682 Unused Serialized files (Serialized files now loaded: 0)
Unloading 17 unused Assets / (79.8 KB). Loaded Objects now: 4207.
Memory consumption went from 177.6 MB to 177.5 MB.
Total: 3.420375 ms (FindLiveObjects: 0.161000 ms CreateObjectMapping: 0.048583 ms MarkObjects: 3.095375 ms  DeleteObjects: 0.114792 ms)

Prepare: number of updated asset objects reloaded= 0
AssetImportParameters requested are different than current active one (requested -> active):
  custom:container-demuxer-ogg: 62fdf1f143b41e24485cea50d1cbac27 -> 
  custom:video-decoder-ogg-theora: a1e56fd34408186e4bbccfd4996cb3dc -> 
  custom:CustomObjectIndexerAttribute: 9a22284fe3817be447336de3de66b15e -> 
  custom:container-demuxer-webm: 4f35f7cbe854078d1ac9338744f61a02 -> 
  custom:container-muxer-webm: aa71ff27fc2769a1b78a27578f13a17b -> 
  custom:video-decoder-webm-vp8: 9c59270c3fd7afecdb556c50c9e8de78 -> 
  custom:SearchIndexIgnoredProperties: e643bd26f0fe6173181afceb89e7c659 -> 
  custom:AudioImporter_EditorPlatform: 3918e3fc78b5a79bad01e8451be0beb8 -> 
  custom:framework-osx-AVFoundation: e770b220cccbd017edd2c1fefb359320 -> 
  custom:video-encoder-webm-vp8: eb34c28f22e8b96e1ab97ce403110664 -> 
  custom:audio-decoder-ogg-vorbis: bf7c407c2cedff20999df2af8eb42d56 -> 
  custom:audio-encoder-webm-vorbis: bf7c407c2cedff20999df2af8eb42d56 -> 
========================================================================
Received Prepare
Caller must complete domain reload
Begin MonoManager ReloadAssembly
Thread 0x16d2f7000 may have been prematurely finalized
- Loaded All Assemblies, in  0.390 seconds
Native extension for OSXStandalone target not found
Mono: successfully reloaded assembly
- Finished resetting the current domain, in  0.801 seconds
Domain Reload Profiling: 1192ms
	BeginReloadAssembly (128ms)
		ExecutionOrderSort (0ms)
		DisableScriptedObjects (3ms)
		BackupInstance (0ms)
		ReleaseScriptingObjects (0ms)
		CreateAndSetChildDomain (50ms)
	RebuildCommonClasses (21ms)
	RebuildNativeTypeToScriptingClass (8ms)
	initialDomainReloadingComplete (16ms)
	LoadAllAssembliesAndSetupDomain (217ms)
		LoadAssemblies (226ms)
		RebuildTransferFunctionScriptingTraits (0ms)
		AnalyzeDomain (36ms)
			TypeCache.Refresh (20ms)
				TypeCache.ScanAssembly (1ms)
			ScanForSourceGeneratedMonoScriptInfo (7ms)
			ResolveRequiredComponents (5ms)
	FinalizeReload (802ms)
		ReleaseScriptCaches (0ms)
		RebuildScriptCaches (0ms)
		SetupLoadedEditorAssemblies (330ms)
			LogAssemblyErrors (0ms)
			InitializePlatformSupportModulesInManaged (3ms)
			SetLoadedEditorAssemblies (3ms)
			RefreshPlugins (0ms)
			BeforeProcessingInitializeOnLoad (35ms)
			ProcessInitializeOnLoadAttributes (278ms)
			ProcessInitializeOnLoadMethodAttributes (10ms)
			AfterProcessingInitializeOnLoad (1ms)
			EditorAssembliesLoaded (0ms)
		ExecutionOrderSort2 (0ms)
		AwakeInstancesAfterBackupRestoration (2ms)
Refreshing native plugins compatible for Editor in 0.65 ms, found 2 plugins.
Preloading 0 native plugins for Editor in 0.00 ms.
Unloading 3683 Unused Serialized files (Serialized files now loaded: 0)
Unloading 17 unused Assets / (95.6 KB). Loaded Objects now: 4211.
Memory consumption went from 185.3 MB to 185.2 MB.
Total: 2.739042 ms (FindLiveObjects: 0.152666 ms CreateObjectMapping: 0.049625 ms MarkObjects: 2.449750 ms  DeleteObjects: 0.086375 ms)

Prepare: number of updated asset objects reloaded= 0
AssetImportParameters requested are different than current active one (requested -> active):
  custom:container-demuxer-ogg: 62fdf1f143b41e24485cea50d1cbac27 -> 
  custom:video-decoder-ogg-theora: a1e56fd34408186e4bbccfd4996cb3dc -> 
  custom:CustomObjectIndexerAttribute: 9a22284fe3817be447336de3de66b15e -> 
  custom:container-demuxer-webm: 4f35f7cbe854078d1ac9338744f61a02 -> 
  custom:container-muxer-webm: aa71ff27fc2769a1b78a27578f13a17b -> 
  custom:video-decoder-webm-vp8: 9c59270c3fd7afecdb556c50c9e8de78 -> 
  custom:SearchIndexIgnoredProperties: e643bd26f0fe6173181afceb89e7c659 -> 
  custom:AudioImporter_EditorPlatform: 3918e3fc78b5a79bad01e8451be0beb8 -> 
  custom:framework-osx-AVFoundation: e770b220cccbd017edd2c1fefb359320 -> 
  custom:video-encoder-webm-vp8: eb34c28f22e8b96e1ab97ce403110664 -> 
  custom:audio-decoder-ogg-vorbis: bf7c407c2cedff20999df2af8eb42d56 -> 
  custom:audio-encoder-webm-vorbis: bf7c407c2cedff20999df2af8eb42d56 -> 
  custom:scripting/precompiled-assembly-types:Assembly-CSharp: 3fd07d5e29ee6733e0f3fee8b868040e -> 3acf5298ad1df0ad00745b368a5d3e8c
========================================================================
Received Prepare
Caller must complete domain reload
Begin MonoManager ReloadAssembly
Thread 0x16d2f7000 may have been prematurely finalized
- Loaded All Assemblies, in  0.238 seconds
Native extension for OSXStandalone target not found
Mono: successfully reloaded assembly
- Finished resetting the current domain, in  0.564 seconds
Domain Reload Profiling: 801ms
	BeginReloadAssembly (66ms)
		ExecutionOrderSort (0ms)
		DisableScriptedObjects (3ms)
		BackupInstance (0ms)
		ReleaseScriptingObjects (0ms)
		CreateAndSetChildDomain (14ms)
	RebuildCommonClasses (20ms)
	RebuildNativeTypeToScriptingClass (8ms)
	initialDomainReloadingComplete (12ms)
	LoadAllAssembliesAndSetupDomain (131ms)
		LoadAssemblies (147ms)
		RebuildTransferFunctionScriptingTraits (0ms)
		AnalyzeDomain (12ms)
			TypeCache.Refresh (8ms)
				TypeCache.ScanAssembly (0ms)
			ScanForSourceGeneratedMonoScriptInfo (0ms)
			ResolveRequiredComponents (4ms)
	FinalizeReload (564ms)
		ReleaseScriptCaches (0ms)
		RebuildScriptCaches (0ms)
		SetupLoadedEditorAssemblies (362ms)
			LogAssemblyErrors (0ms)
			InitializePlatformSupportModulesInManaged (4ms)
			SetLoadedEditorAssemblies (3ms)
			RefreshPlugins (0ms)
			BeforeProcessingInitializeOnLoad (38ms)
			ProcessInitializeOnLoadAttributes (304ms)
			ProcessInitializeOnLoadMethodAttributes (13ms)
			AfterProcessingInitializeOnLoad (1ms)
			EditorAssembliesLoaded (0ms)
		ExecutionOrderSort2 (0ms)
		AwakeInstancesAfterBackupRestoration (3ms)
Refreshing native plugins compatible for Editor in 0.73 ms, found 2 plugins.
Preloading 0 native plugins for Editor in 0.00 ms.
Unloading 3683 Unused Serialized files (Serialized files now loaded: 0)
Unloading 17 unused Assets / (79.7 KB). Loaded Objects now: 4215.
Memory consumption went from 192.8 MB to 192.7 MB.
Total: 3.087500 ms (FindLiveObjects: 0.150291 ms CreateObjectMapping: 0.048834 ms MarkObjects: 2.782666 ms  DeleteObjects: 0.105041 ms)

Prepare: number of updated asset objects reloaded= 0
AssetImportParameters requested are different than current active one (requested -> active):
  custom:container-demuxer-ogg: 62fdf1f143b41e24485cea50d1cbac27 -> 
  custom:video-decoder-ogg-theora: a1e56fd34408186e4bbccfd4996cb3dc -> 
  custom:CustomObjectIndexerAttribute: 9a22284fe3817be447336de3de66b15e -> 
  custom:container-demuxer-webm: 4f35f7cbe854078d1ac9338744f61a02 -> 
  custom:container-muxer-webm: aa71ff27fc2769a1b78a27578f13a17b -> 
  custom:video-decoder-webm-vp8: 9c59270c3fd7afecdb556c50c9e8de78 -> 
  custom:SearchIndexIgnoredProperties: e643bd26f0fe6173181afceb89e7c659 -> 
  custom:AudioImporter_EditorPlatform: 3918e3fc78b5a79bad01e8451be0beb8 -> 
  custom:framework-osx-AVFoundation: e770b220cccbd017edd2c1fefb359320 -> 
  custom:video-encoder-webm-vp8: eb34c28f22e8b96e1ab97ce403110664 -> 
  custom:audio-decoder-ogg-vorbis: bf7c407c2cedff20999df2af8eb42d56 -> 
  custom:audio-encoder-webm-vorbis: bf7c407c2cedff20999df2af8eb42d56 -> 
  custom:scripting/precompiled-assembly-types:Assembly-CSharp: 3fd07d5e29ee6733e0f3fee8b868040e -> 3acf5298ad1df0ad00745b368a5d3e8c
========================================================================
Received Prepare
Caller must complete domain reload
Begin MonoManager ReloadAssembly
Thread 0x16d2f7000 may have been prematurely finalized
- Loaded All Assemblies, in  0.341 seconds
Native extension for OSXStandalone target not found
Mono: successfully reloaded assembly
- Finished resetting the current domain, in  0.914 seconds
Domain Reload Profiling: 1256ms
	BeginReloadAssembly (120ms)
		ExecutionOrderSort (0ms)
		DisableScriptedObjects (3ms)
		BackupInstance (0ms)
		ReleaseScriptingObjects (0ms)
		CreateAndSetChildDomain (37ms)
	RebuildCommonClasses (25ms)
	RebuildNativeTypeToScriptingClass (9ms)
	initialDomainReloadingComplete (26ms)
	LoadAllAssembliesAndSetupDomain (161ms)
		LoadAssemblies (202ms)
		RebuildTransferFunctionScriptingTraits (0ms)
		AnalyzeDomain (13ms)
			TypeCache.Refresh (7ms)
				TypeCache.ScanAssembly (0ms)
			ScanForSourceGeneratedMonoScriptInfo (0ms)
			ResolveRequiredComponents (5ms)
	FinalizeReload (914ms)
		ReleaseScriptCaches (0ms)
		RebuildScriptCaches (0ms)
		SetupLoadedEditorAssemblies (391ms)
			LogAssemblyErrors (0ms)
			InitializePlatformSupportModulesInManaged (4ms)
			SetLoadedEditorAssemblies (6ms)
			RefreshPlugins (0ms)
			BeforeProcessingInitializeOnLoad (38ms)
			ProcessInitializeOnLoadAttributes (330ms)
			ProcessInitializeOnLoadMethodAttributes (12ms)
			AfterProcessingInitializeOnLoad (1ms)
			EditorAssembliesLoaded (0ms)
		ExecutionOrderSort2 (0ms)
		AwakeInstancesAfterBackupRestoration (2ms)
Refreshing native plugins compatible for Editor in 0.82 ms, found 2 plugins.
Preloading 0 native plugins for Editor in 0.00 ms.
Unloading 3683 Unused Serialized files (Serialized files now loaded: 0)
Unloading 17 unused Assets / (87.8 KB). Loaded Objects now: 4219.
Memory consumption went from 200.2 MB to 200.1 MB.
Total: 3.116125 ms (FindLiveObjects: 0.136709 ms CreateObjectMapping: 0.047791 ms MarkObjects: 2.818833 ms  DeleteObjects: 0.112208 ms)

Prepare: number of updated asset objects reloaded= 0
AssetImportParameters requested are different than current active one (requested -> active):
  custom:container-demuxer-ogg: 62fdf1f143b41e24485cea50d1cbac27 -> 
  custom:video-decoder-ogg-theora: a1e56fd34408186e4bbccfd4996cb3dc -> 
  custom:CustomObjectIndexerAttribute: 9a22284fe3817be447336de3de66b15e -> 
  custom:container-demuxer-webm: 4f35f7cbe854078d1ac9338744f61a02 -> 
  custom:container-muxer-webm: aa71ff27fc2769a1b78a27578f13a17b -> 
  custom:video-decoder-webm-vp8: 9c59270c3fd7afecdb556c50c9e8de78 -> 
  custom:SearchIndexIgnoredProperties: e643bd26f0fe6173181afceb89e7c659 -> 
  custom:AudioImporter_EditorPlatform: 3918e3fc78b5a79bad01e8451be0beb8 -> 
  custom:framework-osx-AVFoundation: e770b220cccbd017edd2c1fefb359320 -> 
  custom:video-encoder-webm-vp8: eb34c28f22e8b96e1ab97ce403110664 -> 
  custom:audio-decoder-ogg-vorbis: bf7c407c2cedff20999df2af8eb42d56 -> 
  custom:audio-encoder-webm-vorbis: bf7c407c2cedff20999df2af8eb42d56 -> 
  custom:scripting/precompiled-assembly-types:Assembly-CSharp: 3fd07d5e29ee6733e0f3fee8b868040e -> 3acf5298ad1df0ad00745b368a5d3e8c
========================================================================
Received Prepare
Caller must complete domain reload
Begin MonoManager ReloadAssembly
Thread 0x16d2f7000 may have been prematurely finalized
- Loaded All Assemblies, in  0.385 seconds
Native extension for OSXStandalone target not found
Mono: successfully reloaded assembly
- Finished resetting the current domain, in  0.797 seconds
Domain Reload Profiling: 1183ms
	BeginReloadAssembly (123ms)
		ExecutionOrderSort (0ms)
		DisableScriptedObjects (3ms)
		BackupInstance (0ms)
		ReleaseScriptingObjects (0ms)
		CreateAndSetChildDomain (40ms)
	RebuildCommonClasses (20ms)
	RebuildNativeTypeToScriptingClass (8ms)
	initialDomainReloadingComplete (16ms)
	LoadAllAssembliesAndSetupDomain (218ms)
		LoadAssemblies (246ms)
		RebuildTransferFunctionScriptingTraits (0ms)
		AnalyzeDomain (26ms)
			TypeCache.Refresh (12ms)
				TypeCache.ScanAssembly (2ms)
			ScanForSourceGeneratedMonoScriptInfo (7ms)
			ResolveRequiredComponents (6ms)
	FinalizeReload (798ms)
		ReleaseScriptCaches (0ms)
		RebuildScriptCaches (0ms)
		SetupLoadedEditorAssemblies (329ms)
			LogAssemblyErrors (0ms)
			InitializePlatformSupportModulesInManaged (4ms)
			SetLoadedEditorAssemblies (3ms)
			RefreshPlugins (0ms)
			BeforeProcessingInitializeOnLoad (35ms)
			ProcessInitializeOnLoadAttributes (277ms)
			ProcessInitializeOnLoadMethodAttributes (10ms)
			AfterProcessingInitializeOnLoad (1ms)
			EditorAssembliesLoaded (0ms)
		ExecutionOrderSort2 (0ms)
		AwakeInstancesAfterBackupRestoration (2ms)
Refreshing native plugins compatible for Editor in 0.73 ms, found 2 plugins.
Preloading 0 native plugins for Editor in 0.00 ms.
Unloading 3683 Unused Serialized files (Serialized files now loaded: 0)
Unloading 17 unused Assets / (104.0 KB). Loaded Objects now: 4223.
Memory consumption went from 206.4 MB to 206.3 MB.
Total: 3.318541 ms (FindLiveObjects: 0.140875 ms CreateObjectMapping: 0.052166 ms MarkObjects: 3.014834 ms  DeleteObjects: 0.110166 ms)

Prepare: number of updated asset objects reloaded= 0
AssetImportParameters requested are different than current active one (requested -> active):
  custom:container-demuxer-ogg: 62fdf1f143b41e24485cea50d1cbac27 -> 
  custom:video-decoder-ogg-theora: a1e56fd34408186e4bbccfd4996cb3dc -> 
  custom:CustomObjectIndexerAttribute: 9a22284fe3817be447336de3de66b15e -> 
  custom:container-demuxer-webm: 4f35f7cbe854078d1ac9338744f61a02 -> 
  custom:container-muxer-webm: aa71ff27fc2769a1b78a27578f13a17b -> 
  custom:video-decoder-webm-vp8: 9c59270c3fd7afecdb556c50c9e8de78 -> 
  custom:SearchIndexIgnoredProperties: e643bd26f0fe6173181afceb89e7c659 -> 
  custom:AudioImporter_EditorPlatform: 3918e3fc78b5a79bad01e8451be0beb8 -> 
  custom:framework-osx-AVFoundation: e770b220cccbd017edd2c1fefb359320 -> 
  custom:video-encoder-webm-vp8: eb34c28f22e8b96e1ab97ce403110664 -> 
  custom:audio-decoder-ogg-vorbis: bf7c407c2cedff20999df2af8eb42d56 -> 
  custom:audio-encoder-webm-vorbis: bf7c407c2cedff20999df2af8eb42d56 -> 
  custom:scripting/precompiled-assembly-types:Assembly-CSharp: 3fd07d5e29ee6733e0f3fee8b868040e -> 3acf5298ad1df0ad00745b368a5d3e8c
========================================================================
Received Import Request.
  Time since last request: 10329.822950 seconds.
  path: Assets/Scripts/DebugResetStatus.cs
  artifactKey: Guid(762758535605146d2980b13c3ef567ad) Importer(815301076,1909f56bfc062723c751e8b465ee728b)
Start importing Assets/Scripts/DebugResetStatus.cs using Guid(762758535605146d2980b13c3ef567ad) Importer(815301076,1909f56bfc062723c751e8b465ee728b) [PhysX] Initialized MultithreadedTaskDispatcher with 8 workers.
 -> (artifact id: '6d149353f72fc4f48505715c3370dc44') in 0.039810 seconds
Number of updated asset objects reloaded before import = 0
Number of asset objects unloaded after import = 0
========================================================================
Received Prepare
Caller must complete domain reload
Begin MonoManager ReloadAssembly
Thread 0x16d2f7000 may have been prematurely finalized
- Loaded All Assemblies, in  0.382 seconds
Native extension for OSXStandalone target not found
Mono: successfully reloaded assembly
- Finished resetting the current domain, in  0.790 seconds
Domain Reload Profiling: 1172ms
	BeginReloadAssembly (126ms)
		ExecutionOrderSort (0ms)
		DisableScriptedObjects (6ms)
		BackupInstance (0ms)
		ReleaseScriptingObjects (0ms)
		CreateAndSetChildDomain (41ms)
	RebuildCommonClasses (26ms)
	RebuildNativeTypeToScriptingClass (16ms)
	initialDomainReloadingComplete (20ms)
	LoadAllAssembliesAndSetupDomain (194ms)
		LoadAssemblies (229ms)
		RebuildTransferFunctionScriptingTraits (0ms)
		AnalyzeDomain (18ms)
			TypeCache.Refresh (9ms)
				TypeCache.ScanAssembly (1ms)
			ScanForSourceGeneratedMonoScriptInfo (5ms)
			ResolveRequiredComponents (4ms)
	FinalizeReload (790ms)
		ReleaseScriptCaches (0ms)
		RebuildScriptCaches (0ms)
		SetupLoadedEditorAssemblies (323ms)
			LogAssemblyErrors (0ms)
			InitializePlatformSupportModulesInManaged (3ms)
			SetLoadedEditorAssemblies (3ms)
			RefreshPlugins (0ms)
			BeforeProcessingInitializeOnLoad (35ms)
			ProcessInitializeOnLoadAttributes (271ms)
			ProcessInitializeOnLoadMethodAttributes (11ms)
			AfterProcessingInitializeOnLoad (1ms)
			EditorAssembliesLoaded (0ms)
		ExecutionOrderSort2 (0ms)
		AwakeInstancesAfterBackupRestoration (2ms)
Refreshing native plugins compatible for Editor in 0.77 ms, found 2 plugins.
Preloading 0 native plugins for Editor in 0.00 ms.
Unloading 3679 Unused Serialized files (Serialized files now loaded: 0)
Unloading 20 unused Assets / (89.5 KB). Loaded Objects now: 4224.
Memory consumption went from 213.8 MB to 213.7 MB.
Total: 2.589042 ms (FindLiveObjects: 0.142834 ms CreateObjectMapping: 0.051208 ms MarkObjects: 2.303375 ms  DeleteObjects: 0.091125 ms)

Prepare: number of updated asset objects reloaded= 0
AssetImportParameters requested are different than current active one (requested -> active):
  custom:container-demuxer-ogg: 62fdf1f143b41e24485cea50d1cbac27 -> 
  custom:video-decoder-ogg-theora: a1e56fd34408186e4bbccfd4996cb3dc -> 
  custom:CustomObjectIndexerAttribute: 9a22284fe3817be447336de3de66b15e -> 
  custom:container-demuxer-webm: 4f35f7cbe854078d1ac9338744f61a02 -> 
  custom:container-muxer-webm: aa71ff27fc2769a1b78a27578f13a17b -> 
  custom:video-decoder-webm-vp8: 9c59270c3fd7afecdb556c50c9e8de78 -> 
  custom:SearchIndexIgnoredProperties: e643bd26f0fe6173181afceb89e7c659 -> 
  custom:AudioImporter_EditorPlatform: 3918e3fc78b5a79bad01e8451be0beb8 -> 
  custom:framework-osx-AVFoundation: e770b220cccbd017edd2c1fefb359320 -> 
  custom:video-encoder-webm-vp8: eb34c28f22e8b96e1ab97ce403110664 -> 
  custom:audio-decoder-ogg-vorbis: bf7c407c2cedff20999df2af8eb42d56 -> 
  custom:audio-encoder-webm-vorbis: bf7c407c2cedff20999df2af8eb42d56 -> 
  custom:scripting/precompiled-assembly-types:Assembly-CSharp: 10e3e6520e205589729db281f36925ad -> 3acf5298ad1df0ad00745b368a5d3e8c
========================================================================
Received Import Request.
  Time since last request: 11.279417 seconds.
  path: Assets/Scripts/README_DebugKeys.md
  artifactKey: Guid(0130b2aae9cc44ce684bab2ee9367a73) Importer(815301076,1909f56bfc062723c751e8b465ee728b)
Start importing Assets/Scripts/README_DebugKeys.md using Guid(0130b2aae9cc44ce684bab2ee9367a73) Importer(815301076,1909f56bfc062723c751e8b465ee728b) [PhysX] Initialized MultithreadedTaskDispatcher with 8 workers.
 -> (artifact id: '284ffcb8076c8b1cc68db213a35c0a94') in 0.007078 seconds
Number of updated asset objects reloaded before import = 0
Number of asset objects unloaded after import = 1
========================================================================
Received Import Request.
  Time since last request: 5.036300 seconds.
  path: Assets/Scripts/ObstacleTransparency.cs
  artifactKey: Guid(10fb00088646745afb2d7375c8468a3f) Importer(815301076,1909f56bfc062723c751e8b465ee728b)
Start importing Assets/Scripts/ObstacleTransparency.cs using Guid(10fb00088646745afb2d7375c8468a3f) Importer(815301076,1909f56bfc062723c751e8b465ee728b) [PhysX] Initialized MultithreadedTaskDispatcher with 8 workers.
 -> (artifact id: '39d77a4454d13aa8a7a032f0ecabc17d') in 0.000303 seconds
Number of updated asset objects reloaded before import = 0
Number of asset objects unloaded after import = 0
========================================================================
Received Import Request.
  Time since last request: 1.057174 seconds.
  path: Assets/Scripts/Navigator.cs
  artifactKey: Guid(368209a8683df4122b4d221f0ee18fa8) Importer(815301076,1909f56bfc062723c751e8b465ee728b)
Start importing Assets/Scripts/Navigator.cs using Guid(368209a8683df4122b4d221f0ee18fa8) Importer(815301076,1909f56bfc062723c751e8b465ee728b) [PhysX] Initialized MultithreadedTaskDispatcher with 8 workers.
 -> (artifact id: '8fe06ae63308ce3ffc64733d75f47d93') in 0.000247 seconds
Number of updated asset objects reloaded before import = 0
Number of asset objects unloaded after import = 0
========================================================================
Received Import Request.
  Time since last request: 1.543097 seconds.
  path: Assets/Scripts/Editor
  artifactKey: Guid(0b8f01e2b7816461395cb6f591998ee6) Importer(815301076,1909f56bfc062723c751e8b465ee728b)
Start importing Assets/Scripts/Editor using Guid(0b8f01e2b7816461395cb6f591998ee6) Importer(815301076,1909f56bfc062723c751e8b465ee728b) [PhysX] Initialized MultithreadedTaskDispatcher with 8 workers.
 -> (artifact id: '4ecefaebf32aa7f6d2e7f7695e0551af') in 0.000373 seconds
Number of updated asset objects reloaded before import = 0
Number of asset objects unloaded after import = 0
========================================================================
Received Import Request.
  Time since last request: 38.749908 seconds.
  path: Assets/Audios
  artifactKey: Guid(67de0325faa394f5391b58feef682556) Importer(815301076,1909f56bfc062723c751e8b465ee728b)
Start importing Assets/Audios using Guid(67de0325faa394f5391b58feef682556) Importer(815301076,1909f56bfc062723c751e8b465ee728b) [PhysX] Initialized MultithreadedTaskDispatcher with 8 workers.
 -> (artifact id: '04bffa7e88f4585a77c8474058589873') in 0.000385 seconds
Number of updated asset objects reloaded before import = 0
Number of asset objects unloaded after import = 0
========================================================================
Received Import Request.
  Time since last request: 17.138061 seconds.
  path: Assets/场景切换优化-使用说明.txt
  artifactKey: Guid(1aea2d02dc6e8494b81e40446908aedd) Importer(815301076,1909f56bfc062723c751e8b465ee728b)
Start importing Assets/场景切换优化-使用说明.txt using Guid(1aea2d02dc6e8494b81e40446908aedd) Importer(815301076,1909f56bfc062723c751e8b465ee728b) [PhysX] Initialized MultithreadedTaskDispatcher with 8 workers.
 -> (artifact id: 'ac0e765476bf4decb807793160df627b') in 0.003717 seconds
Number of updated asset objects reloaded before import = 0
Number of asset objects unloaded after import = 1
========================================================================
Received Import Request.
  Time since last request: 44.736611 seconds.
  path: Assets/Heritages
  artifactKey: Guid(2df0a4a146b464cf291f1ed77fce5d9b) Importer(815301076,1909f56bfc062723c751e8b465ee728b)
Start importing Assets/Heritages using Guid(2df0a4a146b464cf291f1ed77fce5d9b) Importer(815301076,1909f56bfc062723c751e8b465ee728b) [PhysX] Initialized MultithreadedTaskDispatcher with 8 workers.
 -> (artifact id: '4cafc32626bebc06fd8252c8d88f7a5c') in 0.001692 seconds
Number of updated asset objects reloaded before import = 0
Number of asset objects unloaded after import = 0
========================================================================
Received Import Request.
  Time since last request: 2.823233 seconds.
  path: Assets/RocketPosition.txt
  artifactKey: Guid(981123fa2b57c45c885160c03a28bd04) Importer(815301076,1909f56bfc062723c751e8b465ee728b)
Start importing Assets/RocketPosition.txt using Guid(981123fa2b57c45c885160c03a28bd04) Importer(815301076,1909f56bfc062723c751e8b465ee728b) [PhysX] Initialized MultithreadedTaskDispatcher with 8 workers.
 -> (artifact id: 'd0679e6ee906b62deb7e37b1806d0d8d') in 0.004198 seconds
Number of updated asset objects reloaded before import = 0
Number of asset objects unloaded after import = 1
========================================================================
Received Import Request.
  Time since last request: 2.611046 seconds.
  path: Assets/RocketStatus.txt
  artifactKey: Guid(039d070310e3b494b83b59d312c22bb2) Importer(815301076,1909f56bfc062723c751e8b465ee728b)
Start importing Assets/RocketStatus.txt using Guid(039d070310e3b494b83b59d312c22bb2) Importer(815301076,1909f56bfc062723c751e8b465ee728b) [PhysX] Initialized MultithreadedTaskDispatcher with 8 workers.
 -> (artifact id: 'a709535da01f0ac3e5cd40d7ea3e3a0d') in 0.000679 seconds
Number of updated asset objects reloaded before import = 0
Number of asset objects unloaded after import = 1
========================================================================
Received Import Request.
  Time since last request: 1.349695 seconds.
  path: Assets/RocketStatusMain.txt
  artifactKey: Guid(2bc49aaf38c164dec807e2f16adab16f) Importer(815301076,1909f56bfc062723c751e8b465ee728b)
Start importing Assets/RocketStatusMain.txt using Guid(2bc49aaf38c164dec807e2f16adab16f) Importer(815301076,1909f56bfc062723c751e8b465ee728b) [PhysX] Initialized MultithreadedTaskDispatcher with 8 workers.
 -> (artifact id: '04e34980af28657f7aef8d67b2c220e4') in 0.000846 seconds
Number of updated asset objects reloaded before import = 0
Number of asset objects unloaded after import = 1
========================================================================
Received Import Request.
  Time since last request: 64.013373 seconds.
  path: Assets/TextMesh Pro/Shaders
  artifactKey: Guid(e9f693669af91aa45ad615fc681ed29f) Importer(815301076,1909f56bfc062723c751e8b465ee728b)
Start importing Assets/TextMesh Pro/Shaders using Guid(e9f693669af91aa45ad615fc681ed29f) Importer(815301076,1909f56bfc062723c751e8b465ee728b) [PhysX] Initialized MultithreadedTaskDispatcher with 8 workers.
 -> (artifact id: 'c9800e6720add5653b6f84836174c71d') in 0.000351 seconds
Number of updated asset objects reloaded before import = 0
Number of asset objects unloaded after import = 0
========================================================================
Received Prepare
Caller must complete domain reload
Begin MonoManager ReloadAssembly
Thread 0x16d2f7000 may have been prematurely finalized
- Loaded All Assemblies, in  0.405 seconds
Native extension for OSXStandalone target not found
Mono: successfully reloaded assembly
- Finished resetting the current domain, in  0.782 seconds
Domain Reload Profiling: 1186ms
	BeginReloadAssembly (120ms)
		ExecutionOrderSort (0ms)
		DisableScriptedObjects (3ms)
		BackupInstance (0ms)
		ReleaseScriptingObjects (0ms)
		CreateAndSetChildDomain (41ms)
	RebuildCommonClasses (21ms)
	RebuildNativeTypeToScriptingClass (8ms)
	initialDomainReloadingComplete (17ms)
	LoadAllAssembliesAndSetupDomain (239ms)
		LoadAssemblies (272ms)
		RebuildTransferFunctionScriptingTraits (0ms)
		AnalyzeDomain (19ms)
			TypeCache.Refresh (9ms)
				TypeCache.ScanAssembly (1ms)
			ScanForSourceGeneratedMonoScriptInfo (6ms)
			ResolveRequiredComponents (4ms)
	FinalizeReload (782ms)
		ReleaseScriptCaches (0ms)
		RebuildScriptCaches (0ms)
		SetupLoadedEditorAssemblies (321ms)
			LogAssemblyErrors (0ms)
			InitializePlatformSupportModulesInManaged (3ms)
			SetLoadedEditorAssemblies (3ms)
			RefreshPlugins (0ms)
			BeforeProcessingInitializeOnLoad (35ms)
			ProcessInitializeOnLoadAttributes (269ms)
			ProcessInitializeOnLoadMethodAttributes (10ms)
			AfterProcessingInitializeOnLoad (1ms)
			EditorAssembliesLoaded (0ms)
		ExecutionOrderSort2 (0ms)
		AwakeInstancesAfterBackupRestoration (2ms)
Refreshing native plugins compatible for Editor in 1.38 ms, found 2 plugins.
Preloading 0 native plugins for Editor in 0.00 ms.
Unloading 3679 Unused Serialized files (Serialized files now loaded: 0)
Unloading 17 unused Assets / (95.8 KB). Loaded Objects now: 4229.
Memory consumption went from 221.3 MB to 221.2 MB.
Total: 2.678125 ms (FindLiveObjects: 0.139625 ms CreateObjectMapping: 0.050625 ms MarkObjects: 2.404500 ms  DeleteObjects: 0.082917 ms)

Prepare: number of updated asset objects reloaded= 0
AssetImportParameters requested are different than current active one (requested -> active):
  custom:container-demuxer-ogg: 62fdf1f143b41e24485cea50d1cbac27 -> 
  custom:video-decoder-ogg-theora: a1e56fd34408186e4bbccfd4996cb3dc -> 
  custom:CustomObjectIndexerAttribute: 9a22284fe3817be447336de3de66b15e -> 
  custom:container-demuxer-webm: 4f35f7cbe854078d1ac9338744f61a02 -> 
  custom:container-muxer-webm: aa71ff27fc2769a1b78a27578f13a17b -> 
  custom:video-decoder-webm-vp8: 9c59270c3fd7afecdb556c50c9e8de78 -> 
  custom:SearchIndexIgnoredProperties: e643bd26f0fe6173181afceb89e7c659 -> 
  custom:AudioImporter_EditorPlatform: 3918e3fc78b5a79bad01e8451be0beb8 -> 
  custom:framework-osx-AVFoundation: e770b220cccbd017edd2c1fefb359320 -> 
  custom:video-encoder-webm-vp8: eb34c28f22e8b96e1ab97ce403110664 -> 
  custom:audio-decoder-ogg-vorbis: bf7c407c2cedff20999df2af8eb42d56 -> 
  custom:audio-encoder-webm-vorbis: bf7c407c2cedff20999df2af8eb42d56 -> 
  custom:scripting/precompiled-assembly-types:Assembly-CSharp: 10e3e6520e205589729db281f36925ad -> 3acf5298ad1df0ad00745b368a5d3e8c
========================================================================
Received Prepare
Caller must complete domain reload
Begin MonoManager ReloadAssembly
Thread 0x16d2f7000 may have been prematurely finalized
- Loaded All Assemblies, in  0.257 seconds
Native extension for OSXStandalone target not found
Mono: successfully reloaded assembly
- Finished resetting the current domain, in  0.582 seconds
Domain Reload Profiling: 839ms
	BeginReloadAssembly (72ms)
		ExecutionOrderSort (0ms)
		DisableScriptedObjects (3ms)
		BackupInstance (0ms)
		ReleaseScriptingObjects (0ms)
		CreateAndSetChildDomain (20ms)
	RebuildCommonClasses (20ms)
	RebuildNativeTypeToScriptingClass (8ms)
	initialDomainReloadingComplete (13ms)
	LoadAllAssembliesAndSetupDomain (144ms)
		LoadAssemblies (161ms)
		RebuildTransferFunctionScriptingTraits (0ms)
		AnalyzeDomain (11ms)
			TypeCache.Refresh (6ms)
				TypeCache.ScanAssembly (0ms)
			ScanForSourceGeneratedMonoScriptInfo (0ms)
			ResolveRequiredComponents (4ms)
	FinalizeReload (583ms)
		ReleaseScriptCaches (0ms)
		RebuildScriptCaches (0ms)
		SetupLoadedEditorAssemblies (374ms)
			LogAssemblyErrors (0ms)
			InitializePlatformSupportModulesInManaged (3ms)
			SetLoadedEditorAssemblies (4ms)
			RefreshPlugins (0ms)
			BeforeProcessingInitializeOnLoad (37ms)
			ProcessInitializeOnLoadAttributes (318ms)
			ProcessInitializeOnLoadMethodAttributes (11ms)
			AfterProcessingInitializeOnLoad (1ms)
			EditorAssembliesLoaded (0ms)
		ExecutionOrderSort2 (0ms)
		AwakeInstancesAfterBackupRestoration (3ms)
Refreshing native plugins compatible for Editor in 0.69 ms, found 2 plugins.
Preloading 0 native plugins for Editor in 0.00 ms.
Unloading 3680 Unused Serialized files (Serialized files now loaded: 0)
Unloading 17 unused Assets / (95.9 KB). Loaded Objects now: 4233.
Memory consumption went from 229.1 MB to 229.0 MB.
Total: 6.870708 ms (FindLiveObjects: 0.165250 ms CreateObjectMapping: 0.235500 ms MarkObjects: 6.359834 ms  DeleteObjects: 0.109334 ms)

Prepare: number of updated asset objects reloaded= 0
AssetImportParameters requested are different than current active one (requested -> active):
  custom:container-demuxer-ogg: 62fdf1f143b41e24485cea50d1cbac27 -> 
  custom:video-decoder-ogg-theora: a1e56fd34408186e4bbccfd4996cb3dc -> 
  custom:CustomObjectIndexerAttribute: 9a22284fe3817be447336de3de66b15e -> 
  custom:container-demuxer-webm: 4f35f7cbe854078d1ac9338744f61a02 -> 
  custom:container-muxer-webm: aa71ff27fc2769a1b78a27578f13a17b -> 
  custom:video-decoder-webm-vp8: 9c59270c3fd7afecdb556c50c9e8de78 -> 
  custom:SearchIndexIgnoredProperties: e643bd26f0fe6173181afceb89e7c659 -> 
  custom:AudioImporter_EditorPlatform: 3918e3fc78b5a79bad01e8451be0beb8 -> 
  custom:framework-osx-AVFoundation: e770b220cccbd017edd2c1fefb359320 -> 
  custom:video-encoder-webm-vp8: eb34c28f22e8b96e1ab97ce403110664 -> 
  custom:audio-decoder-ogg-vorbis: bf7c407c2cedff20999df2af8eb42d56 -> 
  custom:audio-encoder-webm-vorbis: bf7c407c2cedff20999df2af8eb42d56 -> 
  custom:scripting/precompiled-assembly-types:Assembly-CSharp: 10e3e6520e205589729db281f36925ad -> 3acf5298ad1df0ad00745b368a5d3e8c
========================================================================
Received Prepare
Caller must complete domain reload
Begin MonoManager ReloadAssembly
Thread 0x16d2f7000 may have been prematurely finalized
- Loaded All Assemblies, in  0.394 seconds
Native extension for OSXStandalone target not found
Mono: successfully reloaded assembly
- Finished resetting the current domain, in  0.800 seconds
Domain Reload Profiling: 1194ms
	BeginReloadAssembly (117ms)
		ExecutionOrderSort (0ms)
		DisableScriptedObjects (4ms)
		BackupInstance (0ms)
		ReleaseScriptingObjects (0ms)
		CreateAndSetChildDomain (33ms)
	RebuildCommonClasses (22ms)
	RebuildNativeTypeToScriptingClass (9ms)
	initialDomainReloadingComplete (24ms)
	LoadAllAssembliesAndSetupDomain (222ms)
		LoadAssemblies (253ms)
		RebuildTransferFunctionScriptingTraits (0ms)
		AnalyzeDomain (20ms)
			TypeCache.Refresh (10ms)
				TypeCache.ScanAssembly (1ms)
			ScanForSourceGeneratedMonoScriptInfo (5ms)
			ResolveRequiredComponents (4ms)
	FinalizeReload (800ms)
		ReleaseScriptCaches (0ms)
		RebuildScriptCaches (0ms)
		SetupLoadedEditorAssemblies (345ms)
			LogAssemblyErrors (0ms)
			InitializePlatformSupportModulesInManaged (4ms)
			SetLoadedEditorAssemblies (3ms)
			RefreshPlugins (0ms)
			BeforeProcessingInitializeOnLoad (37ms)
			ProcessInitializeOnLoadAttributes (291ms)
			ProcessInitializeOnLoadMethodAttributes (9ms)
			AfterProcessingInitializeOnLoad (1ms)
			EditorAssembliesLoaded (0ms)
		ExecutionOrderSort2 (0ms)
		AwakeInstancesAfterBackupRestoration (2ms)
Refreshing native plugins compatible for Editor in 0.65 ms, found 2 plugins.
Preloading 0 native plugins for Editor in 0.00 ms.
Unloading 3681 Unused Serialized files (Serialized files now loaded: 0)
Unloading 17 unused Assets / (96.0 KB). Loaded Objects now: 4238.
Memory consumption went from 236.5 MB to 236.4 MB.
Total: 2.869375 ms (FindLiveObjects: 0.145458 ms CreateObjectMapping: 0.052333 ms MarkObjects: 2.541834 ms  DeleteObjects: 0.128917 ms)

Prepare: number of updated asset objects reloaded= 0
AssetImportParameters requested are different than current active one (requested -> active):
  custom:container-demuxer-ogg: 62fdf1f143b41e24485cea50d1cbac27 -> 
  custom:video-decoder-ogg-theora: a1e56fd34408186e4bbccfd4996cb3dc -> 
  custom:CustomObjectIndexerAttribute: 9a22284fe3817be447336de3de66b15e -> 
  custom:container-demuxer-webm: 4f35f7cbe854078d1ac9338744f61a02 -> 
  custom:container-muxer-webm: aa71ff27fc2769a1b78a27578f13a17b -> 
  custom:video-decoder-webm-vp8: 9c59270c3fd7afecdb556c50c9e8de78 -> 
  custom:SearchIndexIgnoredProperties: e643bd26f0fe6173181afceb89e7c659 -> 
  custom:AudioImporter_EditorPlatform: 3918e3fc78b5a79bad01e8451be0beb8 -> 
  custom:framework-osx-AVFoundation: e770b220cccbd017edd2c1fefb359320 -> 
  custom:scripting/monoscript/fileName/BlockBreakEffect.cs: 6a055fdc9682b045354219b0183d4904 -> 
  custom:video-encoder-webm-vp8: eb34c28f22e8b96e1ab97ce403110664 -> 
  custom:audio-decoder-ogg-vorbis: bf7c407c2cedff20999df2af8eb42d56 -> 
  custom:audio-encoder-webm-vorbis: bf7c407c2cedff20999df2af8eb42d56 -> 
  custom:scripting/precompiled-assembly-types:Assembly-CSharp: a3925ab8c4fbd736bef572423eb26897 -> 3acf5298ad1df0ad00745b368a5d3e8c
========================================================================
Received Prepare
Caller must complete domain reload
Begin MonoManager ReloadAssembly
Thread 0x16d2f7000 may have been prematurely finalized
- Loaded All Assemblies, in  0.230 seconds
Native extension for OSXStandalone target not found
Mono: successfully reloaded assembly
- Finished resetting the current domain, in  0.552 seconds
Domain Reload Profiling: 782ms
	BeginReloadAssembly (71ms)
		ExecutionOrderSort (0ms)
		DisableScriptedObjects (3ms)
		BackupInstance (0ms)
		ReleaseScriptingObjects (0ms)
		CreateAndSetChildDomain (19ms)
	RebuildCommonClasses (20ms)
	RebuildNativeTypeToScriptingClass (8ms)
	initialDomainReloadingComplete (12ms)
	LoadAllAssembliesAndSetupDomain (118ms)
		LoadAssemblies (137ms)
		RebuildTransferFunctionScriptingTraits (0ms)
		AnalyzeDomain (10ms)
			TypeCache.Refresh (6ms)
				TypeCache.ScanAssembly (0ms)
			ScanForSourceGeneratedMonoScriptInfo (0ms)
			ResolveRequiredComponents (4ms)
	FinalizeReload (552ms)
		ReleaseScriptCaches (0ms)
		RebuildScriptCaches (0ms)
		SetupLoadedEditorAssemblies (351ms)
			LogAssemblyErrors (0ms)
			InitializePlatformSupportModulesInManaged (4ms)
			SetLoadedEditorAssemblies (3ms)
			RefreshPlugins (0ms)
			BeforeProcessingInitializeOnLoad (42ms)
			ProcessInitializeOnLoadAttributes (291ms)
			ProcessInitializeOnLoadMethodAttributes (11ms)
			AfterProcessingInitializeOnLoad (1ms)
			EditorAssembliesLoaded (0ms)
		ExecutionOrderSort2 (0ms)
		AwakeInstancesAfterBackupRestoration (2ms)
Refreshing native plugins compatible for Editor in 0.70 ms, found 2 plugins.
Preloading 0 native plugins for Editor in 0.00 ms.
Unloading 3681 Unused Serialized files (Serialized files now loaded: 0)
Unloading 17 unused Assets / (87.9 KB). Loaded Objects now: 4242.
Memory consumption went from 244.0 MB to 243.9 MB.
Total: 2.886458 ms (FindLiveObjects: 0.148292 ms CreateObjectMapping: 0.053333 ms MarkObjects: 2.593375 ms  DeleteObjects: 0.090875 ms)

Prepare: number of updated asset objects reloaded= 0
AssetImportParameters requested are different than current active one (requested -> active):
  custom:container-demuxer-ogg: 62fdf1f143b41e24485cea50d1cbac27 -> 
  custom:video-decoder-ogg-theora: a1e56fd34408186e4bbccfd4996cb3dc -> 
  custom:CustomObjectIndexerAttribute: 9a22284fe3817be447336de3de66b15e -> 
  custom:container-demuxer-webm: 4f35f7cbe854078d1ac9338744f61a02 -> 
  custom:container-muxer-webm: aa71ff27fc2769a1b78a27578f13a17b -> 
  custom:video-decoder-webm-vp8: 9c59270c3fd7afecdb556c50c9e8de78 -> 
  custom:SearchIndexIgnoredProperties: e643bd26f0fe6173181afceb89e7c659 -> 
  custom:AudioImporter_EditorPlatform: 3918e3fc78b5a79bad01e8451be0beb8 -> 
  custom:framework-osx-AVFoundation: e770b220cccbd017edd2c1fefb359320 -> 
  custom:scripting/monoscript/fileName/BlockBreakEffect.cs: 6a055fdc9682b045354219b0183d4904 -> 
  custom:video-encoder-webm-vp8: eb34c28f22e8b96e1ab97ce403110664 -> 
  custom:audio-decoder-ogg-vorbis: bf7c407c2cedff20999df2af8eb42d56 -> 
  custom:audio-encoder-webm-vorbis: bf7c407c2cedff20999df2af8eb42d56 -> 
  custom:scripting/precompiled-assembly-types:Assembly-CSharp: a3925ab8c4fbd736bef572423eb26897 -> 3acf5298ad1df0ad00745b368a5d3e8c
========================================================================
Received Prepare
Caller must complete domain reload
Begin MonoManager ReloadAssembly
Thread 0x16d2f7000 may have been prematurely finalized
- Loaded All Assemblies, in  0.430 seconds
Native extension for OSXStandalone target not found
Mono: successfully reloaded assembly
- Finished resetting the current domain, in  0.880 seconds
Domain Reload Profiling: 1310ms
	BeginReloadAssembly (142ms)
		ExecutionOrderSort (0ms)
		DisableScriptedObjects (8ms)
		BackupInstance (0ms)
		ReleaseScriptingObjects (0ms)
		CreateAndSetChildDomain (41ms)
	RebuildCommonClasses (23ms)
	RebuildNativeTypeToScriptingClass (8ms)
	initialDomainReloadingComplete (31ms)
	LoadAllAssembliesAndSetupDomain (226ms)
		LoadAssemblies (260ms)
		RebuildTransferFunctionScriptingTraits (0ms)
		AnalyzeDomain (25ms)
			TypeCache.Refresh (13ms)
				TypeCache.ScanAssembly (1ms)
			ScanForSourceGeneratedMonoScriptInfo (7ms)
			ResolveRequiredComponents (5ms)
	FinalizeReload (880ms)
		ReleaseScriptCaches (0ms)
		RebuildScriptCaches (0ms)
		SetupLoadedEditorAssemblies (350ms)
			LogAssemblyErrors (0ms)
			InitializePlatformSupportModulesInManaged (3ms)
			SetLoadedEditorAssemblies (3ms)
			RefreshPlugins (0ms)
			BeforeProcessingInitializeOnLoad (47ms)
			ProcessInitializeOnLoadAttributes (287ms)
			ProcessInitializeOnLoadMethodAttributes (9ms)
			AfterProcessingInitializeOnLoad (1ms)
			EditorAssembliesLoaded (0ms)
		ExecutionOrderSort2 (0ms)
		AwakeInstancesAfterBackupRestoration (2ms)
Refreshing native plugins compatible for Editor in 0.65 ms, found 2 plugins.
Preloading 0 native plugins for Editor in 0.00 ms.
Unloading 3681 Unused Serialized files (Serialized files now loaded: 0)
Unloading 17 unused Assets / (79.9 KB). Loaded Objects now: 4246.
Memory consumption went from 251.3 MB to 251.3 MB.
Total: 4.198542 ms (FindLiveObjects: 0.145458 ms CreateObjectMapping: 0.048417 ms MarkObjects: 3.884333 ms  DeleteObjects: 0.119500 ms)

Prepare: number of updated asset objects reloaded= 0
AssetImportParameters requested are different than current active one (requested -> active):
  custom:container-demuxer-ogg: 62fdf1f143b41e24485cea50d1cbac27 -> 
  custom:video-decoder-ogg-theora: a1e56fd34408186e4bbccfd4996cb3dc -> 
  custom:CustomObjectIndexerAttribute: 9a22284fe3817be447336de3de66b15e -> 
  custom:container-demuxer-webm: 4f35f7cbe854078d1ac9338744f61a02 -> 
  custom:container-muxer-webm: aa71ff27fc2769a1b78a27578f13a17b -> 
  custom:video-decoder-webm-vp8: 9c59270c3fd7afecdb556c50c9e8de78 -> 
  custom:SearchIndexIgnoredProperties: e643bd26f0fe6173181afceb89e7c659 -> 
  custom:AudioImporter_EditorPlatform: 3918e3fc78b5a79bad01e8451be0beb8 -> 
  custom:framework-osx-AVFoundation: e770b220cccbd017edd2c1fefb359320 -> 
  custom:scripting/monoscript/fileName/BlockBreakEffect.cs: 6a055fdc9682b045354219b0183d4904 -> 
  custom:video-encoder-webm-vp8: eb34c28f22e8b96e1ab97ce403110664 -> 
  custom:audio-decoder-ogg-vorbis: bf7c407c2cedff20999df2af8eb42d56 -> 
  custom:audio-encoder-webm-vorbis: bf7c407c2cedff20999df2af8eb42d56 -> 
  custom:scripting/precompiled-assembly-types:Assembly-CSharp: a3925ab8c4fbd736bef572423eb26897 -> 3acf5298ad1df0ad00745b368a5d3e8c
========================================================================
Received Prepare
Caller must complete domain reload
Begin MonoManager ReloadAssembly
Thread 0x16d2f7000 may have been prematurely finalized
- Loaded All Assemblies, in  0.269 seconds
Native extension for OSXStandalone target not found
Mono: successfully reloaded assembly
- Finished resetting the current domain, in  0.610 seconds
Domain Reload Profiling: 880ms
	BeginReloadAssembly (91ms)
		ExecutionOrderSort (0ms)
		DisableScriptedObjects (3ms)
		BackupInstance (0ms)
		ReleaseScriptingObjects (0ms)
		CreateAndSetChildDomain (23ms)
	RebuildCommonClasses (28ms)
	RebuildNativeTypeToScriptingClass (8ms)
	initialDomainReloadingComplete (14ms)
	LoadAllAssembliesAndSetupDomain (127ms)
		LoadAssemblies (160ms)
		RebuildTransferFunctionScriptingTraits (0ms)
		AnalyzeDomain (12ms)
			TypeCache.Refresh (6ms)
				TypeCache.ScanAssembly (0ms)
			ScanForSourceGeneratedMonoScriptInfo (0ms)
			ResolveRequiredComponents (4ms)
	FinalizeReload (611ms)
		ReleaseScriptCaches (0ms)
		RebuildScriptCaches (0ms)
		SetupLoadedEditorAssemblies (397ms)
			LogAssemblyErrors (0ms)
			InitializePlatformSupportModulesInManaged (3ms)
			SetLoadedEditorAssemblies (3ms)
			RefreshPlugins (0ms)
			BeforeProcessingInitializeOnLoad (38ms)
			ProcessInitializeOnLoadAttributes (340ms)
			ProcessInitializeOnLoadMethodAttributes (11ms)
			AfterProcessingInitializeOnLoad (1ms)
			EditorAssembliesLoaded (0ms)
		ExecutionOrderSort2 (0ms)
		AwakeInstancesAfterBackupRestoration (2ms)
Refreshing native plugins compatible for Editor in 0.74 ms, found 2 plugins.
Preloading 0 native plugins for Editor in 0.00 ms.
Unloading 3681 Unused Serialized files (Serialized files now loaded: 0)
Unloading 17 unused Assets / (95.9 KB). Loaded Objects now: 4250.
Memory consumption went from 258.8 MB to 258.7 MB.
Total: 3.102000 ms (FindLiveObjects: 0.148667 ms CreateObjectMapping: 0.048541 ms MarkObjects: 2.794917 ms  DeleteObjects: 0.109000 ms)

Prepare: number of updated asset objects reloaded= 0
AssetImportParameters requested are different than current active one (requested -> active):
  custom:container-demuxer-ogg: 62fdf1f143b41e24485cea50d1cbac27 -> 
  custom:video-decoder-ogg-theora: a1e56fd34408186e4bbccfd4996cb3dc -> 
  custom:CustomObjectIndexerAttribute: 9a22284fe3817be447336de3de66b15e -> 
  custom:container-demuxer-webm: 4f35f7cbe854078d1ac9338744f61a02 -> 
  custom:container-muxer-webm: aa71ff27fc2769a1b78a27578f13a17b -> 
  custom:video-decoder-webm-vp8: 9c59270c3fd7afecdb556c50c9e8de78 -> 
  custom:SearchIndexIgnoredProperties: e643bd26f0fe6173181afceb89e7c659 -> 
  custom:AudioImporter_EditorPlatform: 3918e3fc78b5a79bad01e8451be0beb8 -> 
  custom:framework-osx-AVFoundation: e770b220cccbd017edd2c1fefb359320 -> 
  custom:scripting/monoscript/fileName/BlockBreakEffect.cs: 6a055fdc9682b045354219b0183d4904 -> 
  custom:video-encoder-webm-vp8: eb34c28f22e8b96e1ab97ce403110664 -> 
  custom:audio-decoder-ogg-vorbis: bf7c407c2cedff20999df2af8eb42d56 -> 
  custom:audio-encoder-webm-vorbis: bf7c407c2cedff20999df2af8eb42d56 -> 
  custom:scripting/precompiled-assembly-types:Assembly-CSharp: a3925ab8c4fbd736bef572423eb26897 -> 3acf5298ad1df0ad00745b368a5d3e8c
========================================================================
Received Prepare
Caller must complete domain reload
Begin MonoManager ReloadAssembly
Thread 0x16d2f7000 may have been prematurely finalized
- Loaded All Assemblies, in  0.449 seconds
Native extension for OSXStandalone target not found
Mono: successfully reloaded assembly
- Finished resetting the current domain, in  0.890 seconds
Domain Reload Profiling: 1340ms
	BeginReloadAssembly (154ms)
		ExecutionOrderSort (0ms)
		DisableScriptedObjects (4ms)
		BackupInstance (0ms)
		ReleaseScriptingObjects (0ms)
		CreateAndSetChildDomain (49ms)
	RebuildCommonClasses (37ms)
	RebuildNativeTypeToScriptingClass (14ms)
	initialDomainReloadingComplete (16ms)
	LoadAllAssembliesAndSetupDomain (228ms)
		LoadAssemblies (276ms)
		RebuildTransferFunctionScriptingTraits (0ms)
		AnalyzeDomain (27ms)
			TypeCache.Refresh (15ms)
				TypeCache.ScanAssembly (1ms)
			ScanForSourceGeneratedMonoScriptInfo (7ms)
			ResolveRequiredComponents (4ms)
	FinalizeReload (890ms)
		ReleaseScriptCaches (0ms)
		RebuildScriptCaches (0ms)
		SetupLoadedEditorAssemblies (361ms)
			LogAssemblyErrors (0ms)
			InitializePlatformSupportModulesInManaged (4ms)
			SetLoadedEditorAssemblies (3ms)
			RefreshPlugins (0ms)
			BeforeProcessingInitializeOnLoad (41ms)
			ProcessInitializeOnLoadAttributes (298ms)
			ProcessInitializeOnLoadMethodAttributes (12ms)
			AfterProcessingInitializeOnLoad (2ms)
			EditorAssembliesLoaded (0ms)
		ExecutionOrderSort2 (0ms)
		AwakeInstancesAfterBackupRestoration (2ms)
Refreshing native plugins compatible for Editor in 0.73 ms, found 2 plugins.
Preloading 0 native plugins for Editor in 0.00 ms.
Unloading 3681 Unused Serialized files (Serialized files now loaded: 0)
Unloading 17 unused Assets / (87.8 KB). Loaded Objects now: 4254.
Memory consumption went from 266.2 MB to 266.1 MB.
Total: 3.137375 ms (FindLiveObjects: 0.133292 ms CreateObjectMapping: 0.055875 ms MarkObjects: 2.840916 ms  DeleteObjects: 0.106583 ms)

Prepare: number of updated asset objects reloaded= 0
AssetImportParameters requested are different than current active one (requested -> active):
  custom:container-demuxer-ogg: 62fdf1f143b41e24485cea50d1cbac27 -> 
  custom:video-decoder-ogg-theora: a1e56fd34408186e4bbccfd4996cb3dc -> 
  custom:CustomObjectIndexerAttribute: 9a22284fe3817be447336de3de66b15e -> 
  custom:container-demuxer-webm: 4f35f7cbe854078d1ac9338744f61a02 -> 
  custom:container-muxer-webm: aa71ff27fc2769a1b78a27578f13a17b -> 
  custom:video-decoder-webm-vp8: 9c59270c3fd7afecdb556c50c9e8de78 -> 
  custom:SearchIndexIgnoredProperties: e643bd26f0fe6173181afceb89e7c659 -> 
  custom:AudioImporter_EditorPlatform: 3918e3fc78b5a79bad01e8451be0beb8 -> 
  custom:framework-osx-AVFoundation: e770b220cccbd017edd2c1fefb359320 -> 
  custom:scripting/monoscript/fileName/BlockBreakEffect.cs: e6fbd021378f84fa0a478ea1910b4289 -> 
  custom:video-encoder-webm-vp8: eb34c28f22e8b96e1ab97ce403110664 -> 
  custom:audio-decoder-ogg-vorbis: bf7c407c2cedff20999df2af8eb42d56 -> 
  custom:audio-encoder-webm-vorbis: bf7c407c2cedff20999df2af8eb42d56 -> 
  custom:scripting/precompiled-assembly-types:Assembly-CSharp: fd07c9048340f3f41c0ca9b552ef9e22 -> 3acf5298ad1df0ad00745b368a5d3e8c
========================================================================
Received Prepare
Caller must complete domain reload
Begin MonoManager ReloadAssembly
Thread 0x16d2f7000 may have been prematurely finalized
- Loaded All Assemblies, in  0.391 seconds
Native extension for OSXStandalone target not found
Mono: successfully reloaded assembly
- Finished resetting the current domain, in  0.794 seconds
Domain Reload Profiling: 1186ms
	BeginReloadAssembly (164ms)
		ExecutionOrderSort (0ms)
		DisableScriptedObjects (7ms)
		BackupInstance (0ms)
		ReleaseScriptingObjects (0ms)
		CreateAndSetChildDomain (52ms)
	RebuildCommonClasses (30ms)
	RebuildNativeTypeToScriptingClass (9ms)
	initialDomainReloadingComplete (18ms)
	LoadAllAssembliesAndSetupDomain (170ms)
		LoadAssemblies (217ms)
		RebuildTransferFunctionScriptingTraits (0ms)
		AnalyzeDomain (20ms)
			TypeCache.Refresh (9ms)
				TypeCache.ScanAssembly (1ms)
			ScanForSourceGeneratedMonoScriptInfo (6ms)
			ResolveRequiredComponents (4ms)
	FinalizeReload (795ms)
		ReleaseScriptCaches (0ms)
		RebuildScriptCaches (0ms)
		SetupLoadedEditorAssemblies (327ms)
			LogAssemblyErrors (0ms)
			InitializePlatformSupportModulesInManaged (3ms)
			SetLoadedEditorAssemblies (3ms)
			RefreshPlugins (0ms)
			BeforeProcessingInitializeOnLoad (35ms)
			ProcessInitializeOnLoadAttributes (276ms)
			ProcessInitializeOnLoadMethodAttributes (10ms)
			AfterProcessingInitializeOnLoad (1ms)
			EditorAssembliesLoaded (0ms)
		ExecutionOrderSort2 (0ms)
		AwakeInstancesAfterBackupRestoration (2ms)
Refreshing native plugins compatible for Editor in 0.81 ms, found 2 plugins.
Preloading 0 native plugins for Editor in 0.00 ms.
Unloading 3682 Unused Serialized files (Serialized files now loaded: 0)
Unloading 17 unused Assets / (79.8 KB). Loaded Objects now: 4259.
Memory consumption went from 272.7 MB to 272.6 MB.
Total: 2.812875 ms (FindLiveObjects: 0.134333 ms CreateObjectMapping: 0.053375 ms MarkObjects: 2.523000 ms  DeleteObjects: 0.101625 ms)

Prepare: number of updated asset objects reloaded= 0
AssetImportParameters requested are different than current active one (requested -> active):
  custom:container-demuxer-ogg: 62fdf1f143b41e24485cea50d1cbac27 -> 
  custom:scripting/monoscript/fileName/BlockExplosionEffect.cs: fa32aed7eb4d5c52ee6f0cb134c32df5 -> 
  custom:video-decoder-ogg-theora: a1e56fd34408186e4bbccfd4996cb3dc -> 
  custom:CustomObjectIndexerAttribute: 9a22284fe3817be447336de3de66b15e -> 
  custom:container-demuxer-webm: 4f35f7cbe854078d1ac9338744f61a02 -> 
  custom:container-muxer-webm: aa71ff27fc2769a1b78a27578f13a17b -> 
  custom:video-decoder-webm-vp8: 9c59270c3fd7afecdb556c50c9e8de78 -> 
  custom:SearchIndexIgnoredProperties: e643bd26f0fe6173181afceb89e7c659 -> 
  custom:AudioImporter_EditorPlatform: 3918e3fc78b5a79bad01e8451be0beb8 -> 
  custom:framework-osx-AVFoundation: e770b220cccbd017edd2c1fefb359320 -> 
  custom:scripting/monoscript/fileName/BlockBreakEffect.cs: e6fbd021378f84fa0a478ea1910b4289 -> 
  custom:video-encoder-webm-vp8: eb34c28f22e8b96e1ab97ce403110664 -> 
  custom:audio-decoder-ogg-vorbis: bf7c407c2cedff20999df2af8eb42d56 -> 
  custom:audio-encoder-webm-vorbis: bf7c407c2cedff20999df2af8eb42d56 -> 
  custom:scripting/precompiled-assembly-types:Assembly-CSharp: 5fe8c5f9463605cf65e79a0aed90d139 -> 3acf5298ad1df0ad00745b368a5d3e8c
========================================================================
Received Prepare
Caller must complete domain reload
Begin MonoManager ReloadAssembly
Thread 0x16d2f7000 may have been prematurely finalized
- Loaded All Assemblies, in  0.391 seconds
Native extension for OSXStandalone target not found
Mono: successfully reloaded assembly
- Finished resetting the current domain, in  0.914 seconds
Domain Reload Profiling: 1306ms
	BeginReloadAssembly (96ms)
		ExecutionOrderSort (0ms)
		DisableScriptedObjects (3ms)
		BackupInstance (0ms)
		ReleaseScriptingObjects (0ms)
		CreateAndSetChildDomain (31ms)
	RebuildCommonClasses (27ms)
	RebuildNativeTypeToScriptingClass (9ms)
	initialDomainReloadingComplete (17ms)
	LoadAllAssembliesAndSetupDomain (243ms)
		LoadAssemblies (256ms)
		RebuildTransferFunctionScriptingTraits (0ms)
		AnalyzeDomain (24ms)
			TypeCache.Refresh (19ms)
				TypeCache.ScanAssembly (0ms)
			ScanForSourceGeneratedMonoScriptInfo (0ms)
			ResolveRequiredComponents (4ms)
	FinalizeReload (914ms)
		ReleaseScriptCaches (0ms)
		RebuildScriptCaches (0ms)
		SetupLoadedEditorAssemblies (353ms)
			LogAssemblyErrors (0ms)
			InitializePlatformSupportModulesInManaged (4ms)
			SetLoadedEditorAssemblies (3ms)
			RefreshPlugins (0ms)
			BeforeProcessingInitializeOnLoad (37ms)
			ProcessInitializeOnLoadAttributes (298ms)
			ProcessInitializeOnLoadMethodAttributes (10ms)
			AfterProcessingInitializeOnLoad (1ms)
			EditorAssembliesLoaded (0ms)
		ExecutionOrderSort2 (0ms)
		AwakeInstancesAfterBackupRestoration (2ms)
Refreshing native plugins compatible for Editor in 0.73 ms, found 2 plugins.
Preloading 0 native plugins for Editor in 0.00 ms.
Unloading 3682 Unused Serialized files (Serialized files now loaded: 0)
Unloading 17 unused Assets / (79.8 KB). Loaded Objects now: 4263.
Memory consumption went from 280.1 MB to 280.1 MB.
Total: 2.872709 ms (FindLiveObjects: 0.155125 ms CreateObjectMapping: 0.049959 ms MarkObjects: 2.568375 ms  DeleteObjects: 0.098584 ms)

Prepare: number of updated asset objects reloaded= 0
AssetImportParameters requested are different than current active one (requested -> active):
  custom:container-demuxer-ogg: 62fdf1f143b41e24485cea50d1cbac27 -> 
  custom:scripting/monoscript/fileName/BlockExplosionEffect.cs: fa32aed7eb4d5c52ee6f0cb134c32df5 -> 
  custom:video-decoder-ogg-theora: a1e56fd34408186e4bbccfd4996cb3dc -> 
  custom:CustomObjectIndexerAttribute: 9a22284fe3817be447336de3de66b15e -> 
  custom:container-demuxer-webm: 4f35f7cbe854078d1ac9338744f61a02 -> 
  custom:container-muxer-webm: aa71ff27fc2769a1b78a27578f13a17b -> 
  custom:video-decoder-webm-vp8: 9c59270c3fd7afecdb556c50c9e8de78 -> 
  custom:SearchIndexIgnoredProperties: e643bd26f0fe6173181afceb89e7c659 -> 
  custom:AudioImporter_EditorPlatform: 3918e3fc78b5a79bad01e8451be0beb8 -> 
  custom:framework-osx-AVFoundation: e770b220cccbd017edd2c1fefb359320 -> 
  custom:scripting/monoscript/fileName/BlockBreakEffect.cs: e6fbd021378f84fa0a478ea1910b4289 -> 
  custom:video-encoder-webm-vp8: eb34c28f22e8b96e1ab97ce403110664 -> 
  custom:audio-decoder-ogg-vorbis: bf7c407c2cedff20999df2af8eb42d56 -> 
  custom:audio-encoder-webm-vorbis: bf7c407c2cedff20999df2af8eb42d56 -> 
  custom:scripting/precompiled-assembly-types:Assembly-CSharp: 5fe8c5f9463605cf65e79a0aed90d139 -> 3acf5298ad1df0ad00745b368a5d3e8c
========================================================================
Received Prepare
Caller must complete domain reload
Begin MonoManager ReloadAssembly
Thread 0x16d2f7000 may have been prematurely finalized
- Loaded All Assemblies, in  0.394 seconds
Native extension for OSXStandalone target not found
Mono: successfully reloaded assembly
- Finished resetting the current domain, in  0.822 seconds
Domain Reload Profiling: 1217ms
	BeginReloadAssembly (101ms)
		ExecutionOrderSort (0ms)
		DisableScriptedObjects (3ms)
		BackupInstance (0ms)
		ReleaseScriptingObjects (0ms)
		CreateAndSetChildDomain (35ms)
	RebuildCommonClasses (21ms)
	RebuildNativeTypeToScriptingClass (8ms)
	initialDomainReloadingComplete (22ms)
	LoadAllAssembliesAndSetupDomain (243ms)
		LoadAssemblies (245ms)
		RebuildTransferFunctionScriptingTraits (0ms)
		AnalyzeDomain (37ms)
			TypeCache.Refresh (20ms)
				TypeCache.ScanAssembly (1ms)
			ScanForSourceGeneratedMonoScriptInfo (10ms)
			ResolveRequiredComponents (5ms)
	FinalizeReload (822ms)
		ReleaseScriptCaches (0ms)
		RebuildScriptCaches (0ms)
		SetupLoadedEditorAssemblies (326ms)
			LogAssemblyErrors (0ms)
			InitializePlatformSupportModulesInManaged (3ms)
			SetLoadedEditorAssemblies (3ms)
			RefreshPlugins (0ms)
			BeforeProcessingInitializeOnLoad (36ms)
			ProcessInitializeOnLoadAttributes (273ms)
			ProcessInitializeOnLoadMethodAttributes (10ms)
			AfterProcessingInitializeOnLoad (1ms)
			EditorAssembliesLoaded (0ms)
		ExecutionOrderSort2 (0ms)
		AwakeInstancesAfterBackupRestoration (2ms)
Refreshing native plugins compatible for Editor in 0.71 ms, found 2 plugins.
Preloading 0 native plugins for Editor in 0.00 ms.
Unloading 3682 Unused Serialized files (Serialized files now loaded: 0)
Unloading 17 unused Assets / (87.8 KB). Loaded Objects now: 4267.
Memory consumption went from 287.5 MB to 287.4 MB.
Total: 2.846459 ms (FindLiveObjects: 0.139625 ms CreateObjectMapping: 0.048791 ms MarkObjects: 2.571208 ms  DeleteObjects: 0.086292 ms)

Prepare: number of updated asset objects reloaded= 0
AssetImportParameters requested are different than current active one (requested -> active):
  custom:container-demuxer-ogg: 62fdf1f143b41e24485cea50d1cbac27 -> 
  custom:scripting/monoscript/fileName/BlockExplosionEffect.cs: fa32aed7eb4d5c52ee6f0cb134c32df5 -> 
  custom:video-decoder-ogg-theora: a1e56fd34408186e4bbccfd4996cb3dc -> 
  custom:CustomObjectIndexerAttribute: 9a22284fe3817be447336de3de66b15e -> 
  custom:container-demuxer-webm: 4f35f7cbe854078d1ac9338744f61a02 -> 
  custom:container-muxer-webm: aa71ff27fc2769a1b78a27578f13a17b -> 
  custom:video-decoder-webm-vp8: 9c59270c3fd7afecdb556c50c9e8de78 -> 
  custom:SearchIndexIgnoredProperties: e643bd26f0fe6173181afceb89e7c659 -> 
  custom:AudioImporter_EditorPlatform: 3918e3fc78b5a79bad01e8451be0beb8 -> 
  custom:framework-osx-AVFoundation: e770b220cccbd017edd2c1fefb359320 -> 
  custom:scripting/monoscript/fileName/BlockBreakEffect.cs: e6fbd021378f84fa0a478ea1910b4289 -> 
  custom:video-encoder-webm-vp8: eb34c28f22e8b96e1ab97ce403110664 -> 
  custom:audio-decoder-ogg-vorbis: bf7c407c2cedff20999df2af8eb42d56 -> 
  custom:audio-encoder-webm-vorbis: bf7c407c2cedff20999df2af8eb42d56 -> 
  custom:scripting/precompiled-assembly-types:Assembly-CSharp: 5fe8c5f9463605cf65e79a0aed90d139 -> 3acf5298ad1df0ad00745b368a5d3e8c
========================================================================
Received Prepare
Caller must complete domain reload
Begin MonoManager ReloadAssembly
Thread 0x16d2f7000 may have been prematurely finalized
- Loaded All Assemblies, in  0.232 seconds
Native extension for OSXStandalone target not found
Mono: successfully reloaded assembly
- Finished resetting the current domain, in  0.616 seconds
Domain Reload Profiling: 848ms
	BeginReloadAssembly (66ms)
		ExecutionOrderSort (0ms)
		DisableScriptedObjects (3ms)
		BackupInstance (0ms)
		ReleaseScriptingObjects (0ms)
		CreateAndSetChildDomain (15ms)
	RebuildCommonClasses (19ms)
	RebuildNativeTypeToScriptingClass (8ms)
	initialDomainReloadingComplete (12ms)
	LoadAllAssembliesAndSetupDomain (127ms)
		LoadAssemblies (142ms)
		RebuildTransferFunctionScriptingTraits (0ms)
		AnalyzeDomain (12ms)
			TypeCache.Refresh (7ms)
				TypeCache.ScanAssembly (0ms)
			ScanForSourceGeneratedMonoScriptInfo (0ms)
			ResolveRequiredComponents (4ms)
	FinalizeReload (616ms)
		ReleaseScriptCaches (0ms)
		RebuildScriptCaches (0ms)
		SetupLoadedEditorAssemblies (387ms)
			LogAssemblyErrors (0ms)
			InitializePlatformSupportModulesInManaged (4ms)
			SetLoadedEditorAssemblies (3ms)
			RefreshPlugins (0ms)
			BeforeProcessingInitializeOnLoad (40ms)
			ProcessInitializeOnLoadAttributes (327ms)
			ProcessInitializeOnLoadMethodAttributes (12ms)
			AfterProcessingInitializeOnLoad (1ms)
			EditorAssembliesLoaded (0ms)
		ExecutionOrderSort2 (0ms)
		AwakeInstancesAfterBackupRestoration (4ms)
Refreshing native plugins compatible for Editor in 0.80 ms, found 2 plugins.
Preloading 0 native plugins for Editor in 0.00 ms.
Unloading 3682 Unused Serialized files (Serialized files now loaded: 0)
Unloading 17 unused Assets / (95.8 KB). Loaded Objects now: 4271.
Memory consumption went from 295.0 MB to 294.9 MB.
Total: 3.174166 ms (FindLiveObjects: 0.154667 ms CreateObjectMapping: 0.047958 ms MarkObjects: 2.842917 ms  DeleteObjects: 0.127333 ms)

Prepare: number of updated asset objects reloaded= 0
AssetImportParameters requested are different than current active one (requested -> active):
  custom:container-demuxer-ogg: 62fdf1f143b41e24485cea50d1cbac27 -> 
  custom:scripting/monoscript/fileName/BlockExplosionEffect.cs: fa32aed7eb4d5c52ee6f0cb134c32df5 -> 
  custom:video-decoder-ogg-theora: a1e56fd34408186e4bbccfd4996cb3dc -> 
  custom:CustomObjectIndexerAttribute: 9a22284fe3817be447336de3de66b15e -> 
  custom:container-demuxer-webm: 4f35f7cbe854078d1ac9338744f61a02 -> 
  custom:container-muxer-webm: aa71ff27fc2769a1b78a27578f13a17b -> 
  custom:video-decoder-webm-vp8: 9c59270c3fd7afecdb556c50c9e8de78 -> 
  custom:SearchIndexIgnoredProperties: e643bd26f0fe6173181afceb89e7c659 -> 
  custom:AudioImporter_EditorPlatform: 3918e3fc78b5a79bad01e8451be0beb8 -> 
  custom:framework-osx-AVFoundation: e770b220cccbd017edd2c1fefb359320 -> 
  custom:scripting/monoscript/fileName/BlockBreakEffect.cs: e6fbd021378f84fa0a478ea1910b4289 -> 
  custom:video-encoder-webm-vp8: eb34c28f22e8b96e1ab97ce403110664 -> 
  custom:audio-decoder-ogg-vorbis: bf7c407c2cedff20999df2af8eb42d56 -> 
  custom:audio-encoder-webm-vorbis: bf7c407c2cedff20999df2af8eb42d56 -> 
  custom:scripting/precompiled-assembly-types:Assembly-CSharp: 5fe8c5f9463605cf65e79a0aed90d139 -> 3acf5298ad1df0ad00745b368a5d3e8c
========================================================================
Received Prepare
Refreshing native plugins compatible for Editor in 1.01 ms, found 2 plugins.
Preloading 0 native plugins for Editor in 0.00 ms.
Unloading 4 Unused Serialized files (Serialized files now loaded: 0)
Unloading 4 unused Assets / (60.9 KB). Loaded Objects now: 4271.
Memory consumption went from 237.1 MB to 237.0 MB.
Total: 4.652500 ms (FindLiveObjects: 0.316542 ms CreateObjectMapping: 0.054625 ms MarkObjects: 4.144500 ms  DeleteObjects: 0.135833 ms)

Prepare: number of updated asset objects reloaded= 0
AssetImportParameters requested are different than current active one (requested -> active):
  custom:container-demuxer-ogg: 62fdf1f143b41e24485cea50d1cbac27 -> 
  custom:scripting/monoscript/fileName/BlockExplosionEffect.cs: fa32aed7eb4d5c52ee6f0cb134c32df5 -> 
  custom:video-decoder-ogg-theora: a1e56fd34408186e4bbccfd4996cb3dc -> 
  custom:CustomObjectIndexerAttribute: 9a22284fe3817be447336de3de66b15e -> 
  custom:container-demuxer-webm: 4f35f7cbe854078d1ac9338744f61a02 -> 
  custom:container-muxer-webm: aa71ff27fc2769a1b78a27578f13a17b -> 
  custom:video-decoder-webm-vp8: 9c59270c3fd7afecdb556c50c9e8de78 -> 
  custom:SearchIndexIgnoredProperties: e643bd26f0fe6173181afceb89e7c659 -> 
  custom:AudioImporter_EditorPlatform: 3918e3fc78b5a79bad01e8451be0beb8 -> 
  custom:framework-osx-AVFoundation: e770b220cccbd017edd2c1fefb359320 -> 
  custom:scripting/monoscript/fileName/BlockBreakEffect.cs: e6fbd021378f84fa0a478ea1910b4289 -> 
  custom:video-encoder-webm-vp8: eb34c28f22e8b96e1ab97ce403110664 -> 
  custom:audio-decoder-ogg-vorbis: bf7c407c2cedff20999df2af8eb42d56 -> 
  custom:audio-encoder-webm-vorbis: bf7c407c2cedff20999df2af8eb42d56 -> 
  custom:scripting/precompiled-assembly-types:Assembly-CSharp: 5fe8c5f9463605cf65e79a0aed90d139 -> 3acf5298ad1df0ad00745b368a5d3e8c
========================================================================
Received Prepare
Caller must complete domain reload
Begin MonoManager ReloadAssembly
Thread 0x16d2f7000 may have been prematurely finalized
- Loaded All Assemblies, in  0.373 seconds
Native extension for OSXStandalone target not found
Mono: successfully reloaded assembly
- Finished resetting the current domain, in  0.817 seconds
Domain Reload Profiling: 1190ms
	BeginReloadAssembly (114ms)
		ExecutionOrderSort (0ms)
		DisableScriptedObjects (3ms)
		BackupInstance (0ms)
		ReleaseScriptingObjects (0ms)
		CreateAndSetChildDomain (41ms)
	RebuildCommonClasses (22ms)
	RebuildNativeTypeToScriptingClass (8ms)
	initialDomainReloadingComplete (17ms)
	LoadAllAssembliesAndSetupDomain (212ms)
		LoadAssemblies (226ms)
		RebuildTransferFunctionScriptingTraits (0ms)
		AnalyzeDomain (28ms)
			TypeCache.Refresh (13ms)
				TypeCache.ScanAssembly (1ms)
			ScanForSourceGeneratedMonoScriptInfo (10ms)
			ResolveRequiredComponents (4ms)
	FinalizeReload (817ms)
		ReleaseScriptCaches (0ms)
		RebuildScriptCaches (0ms)
		SetupLoadedEditorAssemblies (335ms)
			LogAssemblyErrors (0ms)
			InitializePlatformSupportModulesInManaged (3ms)
			SetLoadedEditorAssemblies (3ms)
			RefreshPlugins (0ms)
			BeforeProcessingInitializeOnLoad (35ms)
			ProcessInitializeOnLoadAttributes (283ms)
			ProcessInitializeOnLoadMethodAttributes (11ms)
			AfterProcessingInitializeOnLoad (1ms)
			EditorAssembliesLoaded (0ms)
		ExecutionOrderSort2 (0ms)
		AwakeInstancesAfterBackupRestoration (2ms)
Refreshing native plugins compatible for Editor in 0.66 ms, found 2 plugins.
Preloading 0 native plugins for Editor in 0.00 ms.
Unloading 3682 Unused Serialized files (Serialized files now loaded: 0)
Unloading 17 unused Assets / (95.9 KB). Loaded Objects now: 4275.
Memory consumption went from 301.4 MB to 301.3 MB.
Total: 3.873500 ms (FindLiveObjects: 0.146875 ms CreateObjectMapping: 0.055208 ms MarkObjects: 3.209792 ms  DeleteObjects: 0.460750 ms)

Prepare: number of updated asset objects reloaded= 0
AssetImportParameters requested are different than current active one (requested -> active):
  custom:container-demuxer-ogg: 62fdf1f143b41e24485cea50d1cbac27 -> 
  custom:scripting/monoscript/fileName/BlockExplosionEffect.cs: fa32aed7eb4d5c52ee6f0cb134c32df5 -> 
  custom:video-decoder-ogg-theora: a1e56fd34408186e4bbccfd4996cb3dc -> 
  custom:CustomObjectIndexerAttribute: 9a22284fe3817be447336de3de66b15e -> 
  custom:container-demuxer-webm: 4f35f7cbe854078d1ac9338744f61a02 -> 
  custom:container-muxer-webm: aa71ff27fc2769a1b78a27578f13a17b -> 
  custom:video-decoder-webm-vp8: 9c59270c3fd7afecdb556c50c9e8de78 -> 
  custom:SearchIndexIgnoredProperties: e643bd26f0fe6173181afceb89e7c659 -> 
  custom:AudioImporter_EditorPlatform: 3918e3fc78b5a79bad01e8451be0beb8 -> 
  custom:framework-osx-AVFoundation: e770b220cccbd017edd2c1fefb359320 -> 
  custom:scripting/monoscript/fileName/BlockBreakEffect.cs: e6fbd021378f84fa0a478ea1910b4289 -> 
  custom:video-encoder-webm-vp8: eb34c28f22e8b96e1ab97ce403110664 -> 
  custom:audio-decoder-ogg-vorbis: bf7c407c2cedff20999df2af8eb42d56 -> 
  custom:audio-encoder-webm-vorbis: bf7c407c2cedff20999df2af8eb42d56 -> 
  custom:scripting/precompiled-assembly-types:Assembly-CSharp: 56a636112852e3cb0e6c3236818c7141 -> 3acf5298ad1df0ad00745b368a5d3e8c
========================================================================
Received Prepare
Caller must complete domain reload
Begin MonoManager ReloadAssembly
Thread 0x16d2f7000 may have been prematurely finalized
- Loaded All Assemblies, in  0.254 seconds
Native extension for OSXStandalone target not found
Mono: successfully reloaded assembly
- Finished resetting the current domain, in  0.647 seconds
Domain Reload Profiling: 902ms
	BeginReloadAssembly (70ms)
		ExecutionOrderSort (0ms)
		DisableScriptedObjects (3ms)
		BackupInstance (0ms)
		ReleaseScriptingObjects (0ms)
		CreateAndSetChildDomain (16ms)
	RebuildCommonClasses (19ms)
	RebuildNativeTypeToScriptingClass (8ms)
	initialDomainReloadingComplete (12ms)
	LoadAllAssembliesAndSetupDomain (145ms)
		LoadAssemblies (163ms)
		RebuildTransferFunctionScriptingTraits (0ms)
		AnalyzeDomain (12ms)
			TypeCache.Refresh (7ms)
				TypeCache.ScanAssembly (0ms)
			ScanForSourceGeneratedMonoScriptInfo (0ms)
			ResolveRequiredComponents (4ms)
	FinalizeReload (648ms)
		ReleaseScriptCaches (0ms)
		RebuildScriptCaches (0ms)
		SetupLoadedEditorAssemblies (395ms)
			LogAssemblyErrors (0ms)
			InitializePlatformSupportModulesInManaged (4ms)
			SetLoadedEditorAssemblies (4ms)
			RefreshPlugins (0ms)
			BeforeProcessingInitializeOnLoad (43ms)
			ProcessInitializeOnLoadAttributes (328ms)
			ProcessInitializeOnLoadMethodAttributes (16ms)
			AfterProcessingInitializeOnLoad (1ms)
			EditorAssembliesLoaded (0ms)
		ExecutionOrderSort2 (0ms)
		AwakeInstancesAfterBackupRestoration (2ms)
Refreshing native plugins compatible for Editor in 1.18 ms, found 2 plugins.
Preloading 0 native plugins for Editor in 0.00 ms.
Unloading 3682 Unused Serialized files (Serialized files now loaded: 0)
Unloading 17 unused Assets / (95.9 KB). Loaded Objects now: 4279.
Memory consumption went from 308.9 MB to 308.8 MB.
Total: 4.014208 ms (FindLiveObjects: 0.169250 ms CreateObjectMapping: 0.057666 ms MarkObjects: 3.521334 ms  DeleteObjects: 0.264834 ms)

Prepare: number of updated asset objects reloaded= 0
AssetImportParameters requested are different than current active one (requested -> active):
  custom:container-demuxer-ogg: 62fdf1f143b41e24485cea50d1cbac27 -> 
  custom:scripting/monoscript/fileName/BlockExplosionEffect.cs: fa32aed7eb4d5c52ee6f0cb134c32df5 -> 
  custom:video-decoder-ogg-theora: a1e56fd34408186e4bbccfd4996cb3dc -> 
  custom:CustomObjectIndexerAttribute: 9a22284fe3817be447336de3de66b15e -> 
  custom:container-demuxer-webm: 4f35f7cbe854078d1ac9338744f61a02 -> 
  custom:container-muxer-webm: aa71ff27fc2769a1b78a27578f13a17b -> 
  custom:video-decoder-webm-vp8: 9c59270c3fd7afecdb556c50c9e8de78 -> 
  custom:SearchIndexIgnoredProperties: e643bd26f0fe6173181afceb89e7c659 -> 
  custom:AudioImporter_EditorPlatform: 3918e3fc78b5a79bad01e8451be0beb8 -> 
  custom:framework-osx-AVFoundation: e770b220cccbd017edd2c1fefb359320 -> 
  custom:scripting/monoscript/fileName/BlockBreakEffect.cs: e6fbd021378f84fa0a478ea1910b4289 -> 
  custom:video-encoder-webm-vp8: eb34c28f22e8b96e1ab97ce403110664 -> 
  custom:audio-decoder-ogg-vorbis: bf7c407c2cedff20999df2af8eb42d56 -> 
  custom:audio-encoder-webm-vorbis: bf7c407c2cedff20999df2af8eb42d56 -> 
  custom:scripting/precompiled-assembly-types:Assembly-CSharp: 56a636112852e3cb0e6c3236818c7141 -> 3acf5298ad1df0ad00745b368a5d3e8c
========================================================================
Received Prepare
Caller must complete domain reload
Begin MonoManager ReloadAssembly
Thread 0x16d2f7000 may have been prematurely finalized
- Loaded All Assemblies, in  0.429 seconds
Native extension for OSXStandalone target not found
Mono: successfully reloaded assembly
- Finished resetting the current domain, in  0.838 seconds
Domain Reload Profiling: 1267ms
	BeginReloadAssembly (145ms)
		ExecutionOrderSort (0ms)
		DisableScriptedObjects (3ms)
		BackupInstance (0ms)
		ReleaseScriptingObjects (0ms)
		CreateAndSetChildDomain (62ms)
	RebuildCommonClasses (21ms)
	RebuildNativeTypeToScriptingClass (8ms)
	initialDomainReloadingComplete (19ms)
	LoadAllAssembliesAndSetupDomain (236ms)
		LoadAssemblies (257ms)
		RebuildTransferFunctionScriptingTraits (0ms)
		AnalyzeDomain (21ms)
			TypeCache.Refresh (10ms)
				TypeCache.ScanAssembly (1ms)
			ScanForSourceGeneratedMonoScriptInfo (6ms)
			ResolveRequiredComponents (4ms)
	FinalizeReload (838ms)
		ReleaseScriptCaches (0ms)
		RebuildScriptCaches (0ms)
		SetupLoadedEditorAssemblies (344ms)
			LogAssemblyErrors (0ms)
			InitializePlatformSupportModulesInManaged (3ms)
			SetLoadedEditorAssemblies (3ms)
			RefreshPlugins (0ms)
			BeforeProcessingInitializeOnLoad (37ms)
			ProcessInitializeOnLoadAttributes (289ms)
			ProcessInitializeOnLoadMethodAttributes (11ms)
			AfterProcessingInitializeOnLoad (1ms)
			EditorAssembliesLoaded (0ms)
		ExecutionOrderSort2 (0ms)
		AwakeInstancesAfterBackupRestoration (2ms)
Refreshing native plugins compatible for Editor in 0.65 ms, found 2 plugins.
Preloading 0 native plugins for Editor in 0.00 ms.
Unloading 3682 Unused Serialized files (Serialized files now loaded: 0)
Unloading 17 unused Assets / (104.0 KB). Loaded Objects now: 4283.
Memory consumption went from 316.3 MB to 316.2 MB.
Total: 2.800959 ms (FindLiveObjects: 0.141458 ms CreateObjectMapping: 0.049917 ms MarkObjects: 2.500625 ms  DeleteObjects: 0.107916 ms)

Prepare: number of updated asset objects reloaded= 0
AssetImportParameters requested are different than current active one (requested -> active):
  custom:container-demuxer-ogg: 62fdf1f143b41e24485cea50d1cbac27 -> 
  custom:scripting/monoscript/fileName/BlockExplosionEffect.cs: d3cb503ca396a0fa7c584c946097abd3 -> 
  custom:video-decoder-ogg-theora: a1e56fd34408186e4bbccfd4996cb3dc -> 
  custom:CustomObjectIndexerAttribute: 9a22284fe3817be447336de3de66b15e -> 
  custom:container-demuxer-webm: 4f35f7cbe854078d1ac9338744f61a02 -> 
  custom:container-muxer-webm: aa71ff27fc2769a1b78a27578f13a17b -> 
  custom:video-decoder-webm-vp8: 9c59270c3fd7afecdb556c50c9e8de78 -> 
  custom:SearchIndexIgnoredProperties: e643bd26f0fe6173181afceb89e7c659 -> 
  custom:AudioImporter_EditorPlatform: 3918e3fc78b5a79bad01e8451be0beb8 -> 
  custom:framework-osx-AVFoundation: e770b220cccbd017edd2c1fefb359320 -> 
  custom:scripting/monoscript/fileName/BlockBreakEffect.cs: e6fbd021378f84fa0a478ea1910b4289 -> 
  custom:video-encoder-webm-vp8: eb34c28f22e8b96e1ab97ce403110664 -> 
  custom:audio-decoder-ogg-vorbis: bf7c407c2cedff20999df2af8eb42d56 -> 
  custom:audio-encoder-webm-vorbis: bf7c407c2cedff20999df2af8eb42d56 -> 
  custom:scripting/precompiled-assembly-types:Assembly-CSharp: 6d0711a96e64ba0d0e7902530df67733 -> 3acf5298ad1df0ad00745b368a5d3e8c
========================================================================
Received Prepare
Caller must complete domain reload
Begin MonoManager ReloadAssembly
Thread 0x16d2f7000 may have been prematurely finalized
- Loaded All Assemblies, in  0.310 seconds
Native extension for OSXStandalone target not found
Mono: successfully reloaded assembly
- Finished resetting the current domain, in  0.768 seconds
Domain Reload Profiling: 1078ms
	BeginReloadAssembly (68ms)
		ExecutionOrderSort (0ms)
		DisableScriptedObjects (3ms)
		BackupInstance (0ms)
		ReleaseScriptingObjects (0ms)
		CreateAndSetChildDomain (17ms)
	RebuildCommonClasses (21ms)
	RebuildNativeTypeToScriptingClass (8ms)
	initialDomainReloadingComplete (13ms)
	LoadAllAssembliesAndSetupDomain (201ms)
		LoadAssemblies (206ms)
		RebuildTransferFunctionScriptingTraits (0ms)
		AnalyzeDomain (21ms)
			TypeCache.Refresh (12ms)
				TypeCache.ScanAssembly (0ms)
			ScanForSourceGeneratedMonoScriptInfo (0ms)
			ResolveRequiredComponents (8ms)
	FinalizeReload (769ms)
		ReleaseScriptCaches (0ms)
		RebuildScriptCaches (0ms)
		SetupLoadedEditorAssemblies (531ms)
			LogAssemblyErrors (0ms)
			InitializePlatformSupportModulesInManaged (4ms)
			SetLoadedEditorAssemblies (3ms)
			RefreshPlugins (0ms)
			BeforeProcessingInitializeOnLoad (67ms)
			ProcessInitializeOnLoadAttributes (439ms)
			ProcessInitializeOnLoadMethodAttributes (17ms)
			AfterProcessingInitializeOnLoad (1ms)
			EditorAssembliesLoaded (0ms)
		ExecutionOrderSort2 (0ms)
		AwakeInstancesAfterBackupRestoration (3ms)
Refreshing native plugins compatible for Editor in 0.72 ms, found 2 plugins.
Preloading 0 native plugins for Editor in 0.00 ms.
Unloading 3682 Unused Serialized files (Serialized files now loaded: 0)
Unloading 17 unused Assets / (95.8 KB). Loaded Objects now: 4287.
Memory consumption went from 323.8 MB to 323.7 MB.
Total: 5.337250 ms (FindLiveObjects: 0.250917 ms CreateObjectMapping: 0.056916 ms MarkObjects: 4.896042 ms  DeleteObjects: 0.132542 ms)

Prepare: number of updated asset objects reloaded= 0
AssetImportParameters requested are different than current active one (requested -> active):
  custom:container-demuxer-ogg: 62fdf1f143b41e24485cea50d1cbac27 -> 
  custom:scripting/monoscript/fileName/BlockExplosionEffect.cs: d3cb503ca396a0fa7c584c946097abd3 -> 
  custom:video-decoder-ogg-theora: a1e56fd34408186e4bbccfd4996cb3dc -> 
  custom:CustomObjectIndexerAttribute: 9a22284fe3817be447336de3de66b15e -> 
  custom:container-demuxer-webm: 4f35f7cbe854078d1ac9338744f61a02 -> 
  custom:container-muxer-webm: aa71ff27fc2769a1b78a27578f13a17b -> 
  custom:video-decoder-webm-vp8: 9c59270c3fd7afecdb556c50c9e8de78 -> 
  custom:SearchIndexIgnoredProperties: e643bd26f0fe6173181afceb89e7c659 -> 
  custom:AudioImporter_EditorPlatform: 3918e3fc78b5a79bad01e8451be0beb8 -> 
  custom:framework-osx-AVFoundation: e770b220cccbd017edd2c1fefb359320 -> 
  custom:scripting/monoscript/fileName/BlockBreakEffect.cs: e6fbd021378f84fa0a478ea1910b4289 -> 
  custom:video-encoder-webm-vp8: eb34c28f22e8b96e1ab97ce403110664 -> 
  custom:audio-decoder-ogg-vorbis: bf7c407c2cedff20999df2af8eb42d56 -> 
  custom:audio-encoder-webm-vorbis: bf7c407c2cedff20999df2af8eb42d56 -> 
  custom:scripting/precompiled-assembly-types:Assembly-CSharp: 6d0711a96e64ba0d0e7902530df67733 -> 3acf5298ad1df0ad00745b368a5d3e8c
========================================================================
Received Prepare
Caller must complete domain reload
Begin MonoManager ReloadAssembly
Thread 0x16d2f7000 may have been prematurely finalized
- Loaded All Assemblies, in  0.361 seconds
Native extension for OSXStandalone target not found
Mono: successfully reloaded assembly
- Finished resetting the current domain, in  0.805 seconds
Domain Reload Profiling: 1166ms
	BeginReloadAssembly (137ms)
		ExecutionOrderSort (0ms)
		DisableScriptedObjects (3ms)
		BackupInstance (0ms)
		ReleaseScriptingObjects (0ms)
		CreateAndSetChildDomain (50ms)
	RebuildCommonClasses (23ms)
	RebuildNativeTypeToScriptingClass (8ms)
	initialDomainReloadingComplete (18ms)
	LoadAllAssembliesAndSetupDomain (175ms)
		LoadAssemblies (207ms)
		RebuildTransferFunctionScriptingTraits (0ms)
		AnalyzeDomain (24ms)
			TypeCache.Refresh (11ms)
				TypeCache.ScanAssembly (1ms)
			ScanForSourceGeneratedMonoScriptInfo (9ms)
			ResolveRequiredComponents (4ms)
	FinalizeReload (805ms)
		ReleaseScriptCaches (0ms)
		RebuildScriptCaches (0ms)
		SetupLoadedEditorAssemblies (340ms)
			LogAssemblyErrors (0ms)
			InitializePlatformSupportModulesInManaged (3ms)
			SetLoadedEditorAssemblies (3ms)
			RefreshPlugins (0ms)
			BeforeProcessingInitializeOnLoad (35ms)
			ProcessInitializeOnLoadAttributes (288ms)
			ProcessInitializeOnLoadMethodAttributes (10ms)
			AfterProcessingInitializeOnLoad (1ms)
			EditorAssembliesLoaded (0ms)
		ExecutionOrderSort2 (0ms)
		AwakeInstancesAfterBackupRestoration (2ms)
Refreshing native plugins compatible for Editor in 0.76 ms, found 2 plugins.
Preloading 0 native plugins for Editor in 0.00 ms.
Unloading 3682 Unused Serialized files (Serialized files now loaded: 0)
Unloading 17 unused Assets / (95.9 KB). Loaded Objects now: 4291.
Memory consumption went from 331.2 MB to 331.1 MB.
Total: 3.303208 ms (FindLiveObjects: 0.206625 ms CreateObjectMapping: 0.053417 ms MarkObjects: 2.865166 ms  DeleteObjects: 0.177083 ms)

Prepare: number of updated asset objects reloaded= 0
AssetImportParameters requested are different than current active one (requested -> active):
  custom:container-demuxer-ogg: 62fdf1f143b41e24485cea50d1cbac27 -> 
  custom:scripting/monoscript/fileName/BlockExplosionEffect.cs: d3cb503ca396a0fa7c584c946097abd3 -> 
  custom:video-decoder-ogg-theora: a1e56fd34408186e4bbccfd4996cb3dc -> 
  custom:CustomObjectIndexerAttribute: 9a22284fe3817be447336de3de66b15e -> 
  custom:container-demuxer-webm: 4f35f7cbe854078d1ac9338744f61a02 -> 
  custom:container-muxer-webm: aa71ff27fc2769a1b78a27578f13a17b -> 
  custom:video-decoder-webm-vp8: 9c59270c3fd7afecdb556c50c9e8de78 -> 
  custom:SearchIndexIgnoredProperties: e643bd26f0fe6173181afceb89e7c659 -> 
  custom:AudioImporter_EditorPlatform: 3918e3fc78b5a79bad01e8451be0beb8 -> 
  custom:framework-osx-AVFoundation: e770b220cccbd017edd2c1fefb359320 -> 
  custom:scripting/monoscript/fileName/BlockBreakEffect.cs: e6fbd021378f84fa0a478ea1910b4289 -> 
  custom:video-encoder-webm-vp8: eb34c28f22e8b96e1ab97ce403110664 -> 
  custom:audio-decoder-ogg-vorbis: bf7c407c2cedff20999df2af8eb42d56 -> 
  custom:audio-encoder-webm-vorbis: bf7c407c2cedff20999df2af8eb42d56 -> 
  custom:scripting/precompiled-assembly-types:Assembly-CSharp: 6d0711a96e64ba0d0e7902530df67733 -> 3acf5298ad1df0ad00745b368a5d3e8c
========================================================================
Received Prepare
Caller must complete domain reload
Begin MonoManager ReloadAssembly
Thread 0x16d2f7000 may have been prematurely finalized
- Loaded All Assemblies, in  0.253 seconds
Native extension for OSXStandalone target not found
Mono: successfully reloaded assembly
- Finished resetting the current domain, in  0.598 seconds
Domain Reload Profiling: 851ms
	BeginReloadAssembly (74ms)
		ExecutionOrderSort (0ms)
		DisableScriptedObjects (3ms)
		BackupInstance (0ms)
		ReleaseScriptingObjects (0ms)
		CreateAndSetChildDomain (21ms)
	RebuildCommonClasses (20ms)
	RebuildNativeTypeToScriptingClass (8ms)
	initialDomainReloadingComplete (12ms)
	LoadAllAssembliesAndSetupDomain (139ms)
		LoadAssemblies (155ms)
		RebuildTransferFunctionScriptingTraits (0ms)
		AnalyzeDomain (10ms)
			TypeCache.Refresh (6ms)
				TypeCache.ScanAssembly (0ms)
			ScanForSourceGeneratedMonoScriptInfo (0ms)
			ResolveRequiredComponents (4ms)
	FinalizeReload (598ms)
		ReleaseScriptCaches (0ms)
		RebuildScriptCaches (0ms)
		SetupLoadedEditorAssemblies (389ms)
			LogAssemblyErrors (0ms)
			InitializePlatformSupportModulesInManaged (5ms)
			SetLoadedEditorAssemblies (3ms)
			RefreshPlugins (0ms)
			BeforeProcessingInitializeOnLoad (42ms)
			ProcessInitializeOnLoadAttributes (326ms)
			ProcessInitializeOnLoadMethodAttributes (13ms)
			AfterProcessingInitializeOnLoad (1ms)
			EditorAssembliesLoaded (0ms)
		ExecutionOrderSort2 (0ms)
		AwakeInstancesAfterBackupRestoration (3ms)
Refreshing native plugins compatible for Editor in 0.57 ms, found 2 plugins.
Preloading 0 native plugins for Editor in 0.00 ms.
Unloading 3682 Unused Serialized files (Serialized files now loaded: 0)
Unloading 17 unused Assets / (95.9 KB). Loaded Objects now: 4295.
Memory consumption went from 338.7 MB to 338.6 MB.
Total: 3.891416 ms (FindLiveObjects: 0.163541 ms CreateObjectMapping: 0.048834 ms MarkObjects: 3.527708 ms  DeleteObjects: 0.150750 ms)

Prepare: number of updated asset objects reloaded= 0
AssetImportParameters requested are different than current active one (requested -> active):
  custom:container-demuxer-ogg: 62fdf1f143b41e24485cea50d1cbac27 -> 
  custom:scripting/monoscript/fileName/BlockExplosionEffect.cs: d3cb503ca396a0fa7c584c946097abd3 -> 
  custom:video-decoder-ogg-theora: a1e56fd34408186e4bbccfd4996cb3dc -> 
  custom:CustomObjectIndexerAttribute: 9a22284fe3817be447336de3de66b15e -> 
  custom:container-demuxer-webm: 4f35f7cbe854078d1ac9338744f61a02 -> 
  custom:container-muxer-webm: aa71ff27fc2769a1b78a27578f13a17b -> 
  custom:video-decoder-webm-vp8: 9c59270c3fd7afecdb556c50c9e8de78 -> 
  custom:SearchIndexIgnoredProperties: e643bd26f0fe6173181afceb89e7c659 -> 
  custom:AudioImporter_EditorPlatform: 3918e3fc78b5a79bad01e8451be0beb8 -> 
  custom:framework-osx-AVFoundation: e770b220cccbd017edd2c1fefb359320 -> 
  custom:scripting/monoscript/fileName/BlockBreakEffect.cs: e6fbd021378f84fa0a478ea1910b4289 -> 
  custom:video-encoder-webm-vp8: eb34c28f22e8b96e1ab97ce403110664 -> 
  custom:audio-decoder-ogg-vorbis: bf7c407c2cedff20999df2af8eb42d56 -> 
  custom:audio-encoder-webm-vorbis: bf7c407c2cedff20999df2af8eb42d56 -> 
  custom:scripting/precompiled-assembly-types:Assembly-CSharp: 6d0711a96e64ba0d0e7902530df67733 -> 3acf5298ad1df0ad00745b368a5d3e8c
